10	1.9891e+30	0	0	0	0	0	0	0	0	0	3.285e+23	5.8344e+10	0	0	0	47870	0	0	0	0	4.867e+24	1.07712e+11	0	0	0	35020	0	0	0	0	5.972e+24	1.496e+11	0	0	0	29780	0	0	0	0	6.39e+23	2.27392e+11	0	0	0	24130	0	0	0	0	1.898e+27	7.7792e+11	0	0	0	13070	0	0	0	0	5.683e+26	1.43317e+12	0	0	0	9680	0	0	0	0	8.681e+25	2.87531e+12	0	0	0	6800	0	0	0	0	1.024e+26	4.49548e+12	0	0	0	5430	0	0	0	0	7.342e+22	1.49984e+11	0	0	0	30802	0	0	0	0	
10	1.9891e+30	1.26282e+07	2.07423e+06	0	2.36303	0.494318	0	3.76081e+23	1.10384e+23	0	3.285e+23	-1.4473e+10	5.70494e+10	0	-46071.9	-11356	0	3.09628e+21	-1.22017e+22	0	4.867e+24	-1.05547e+11	-1.52428e+10	0	5031.6	-35006.7	0	5.62173e+22	8.11511e+21	0	5.972e+24	-6.10262e+10	1.36636e+11	0	-27181.2	-12136.1	0	1.43685e+22	-3.21287e+22	0	6.39e+23	1.106e+11	1.98335e+11	0	-21128.3	11717.9	0	-8.00979e+20	-1.43682e+21	0	1.898e+27	7.66982e+11	1.30087e+11	0	-2182.49	12886.1	0	-4.10331e+23	-6.96305e+22	0	5.683e+26	1.42992e+12	9.67275e+10	0	-648.72	9658.26	0	-3.68076e+22	-2.47069e+21	0	8.681e+25	2.87451e+12	6.79937e+10	0	-161.003	6798.11	0	-1.39739e+21	-3.28594e+19	0	1.024e+26	4.49515e+12	5.42987e+10	0	-65.8416	5429.6	0	-6.74183e+20	-8.09763e+18	0	7.342e+22	-6.11552e+10	1.3699e+11	0	-28157	-12508.1	0	2.47412e+20	-5.89872e+20	0	
10	1.9891e+30	4.62664e+07	8.87726e+06	0	4.45665	0.903222	0	4.49073e+23	1.26946e+23	0	3.285e+23	-5.28578e+10	-2.64173e+10	0	21237.5	-42185.2	0	1.11564e+22	5.57053e+21	0	4.867e+24	1.03505e+11	2.98985e+10	0	-9762.65	33638.5	0	-5.35236e+22	-1.54594e+22	0	5.972e+24	-9.99613e+10	-1.11336e+11	0	22153.1	-19886.1	0	2.34981e+22	2.61852e+22	0	6.39e+23	-1.19919e+11	1.9207e+11	0	-20514.9	-12883.5	0	8.76465e+20	-1.40307e+21	0	1.898e+27	7.34475e+11	2.56513e+11	0	-4303.5	12339.7	0	-3.92911e+23	-1.37294e+23	0	5.683e+26	1.4202e+12	1.9302e+11	0	-1294.33	9593.1	0	-3.65429e+22	-4.93225e+21	0	8.681e+25	2.87209e+12	1.3595e+11	0	-321.911	6792.43	0	-1.39616e+21	-6.5714e+19	0	1.024e+26	4.49416e+12	1.08589e+11	0	-131.673	5428.42	0	-6.74027e+20	-1.61962e+19	0	7.342e+22	-1.0023e+11	-1.11591e+11	0	22879.5	-20656.5	0	4.44158e+20	4.68405e+20	0	
10	1.9891e+30	1.01637e+08	2.22115e+07	0	6.5281	1.79322	0	3.91621e+23	1.64001e+23	0	3.285e+23	3.74788e+10	-4.49765e+10	0	36568.3	30707.4	0	-8.14118e+21	9.80462e+21	0	4.867e+24	-9.68806e+10	-4.44637e+10	0	14679.1	-32161.9	0	5.15873e+22	2.3659e+22	0	5.972e+24	1.42478e+11	-4.59135e+10	0	9146.02	28343.7	0	-3.35258e+22	1.07963e+22	0	6.39e+23	-2.25641e+11	-1.34115e+10	0	1444.98	-24218.1	0	1.65592e+21	9.85322e+19	0	1.898e+27	6.81316e+11	3.75723e+11	0	-6303.3	11446.2	0	-3.64426e+23	-2.01078e+23	0	5.683e+26	1.40406e+12	2.88446e+11	0	-1933.76	9484.79	0	-3.61068e+22	-7.37412e+21	0	8.681e+25	2.86807e+12	2.0383e+11	0	-482.631	6782.97	0	-1.39413e+21	-9.85546e+19	0	1.024e+26	4.49252e+12	1.62864e+11	0	-197.484	5426.44	0	-6.73769e+20	-2.42959e+19	0	7.342e+22	1.42825e+11	-4.60694e+10	0	9576.38	29280.6	0	-5.96243e+20	2.15779e+20	0	
10	1.9891e+30	1.77412e+08	4.51607e+07	0	8.66284	2.9376	0	4.13262e+23	3.43381e+23	0	3.285e+23	3.42012e+10	4.76495e+10	0	-38663.2	27982.7	0	-7.40789e+21	-1.03612e+22	0	4.867e+24	9.12124e+10	5.7458e+10	0	-18764.6	29598.2	0	-4.71797e+22	-2.97501e+22	0	5.972e+24	-1.59899e+10	1.48808e+11	0	-29590.1	-3207.17	0	3.84226e+21	-3.49993e+22	0	6.39e+23	-9.62289e+10	-2.04909e+11	0	21902.9	-10363.7	0	7.0393e+20	1.49635e+21	0	1.898e+27	6.09001e+11	4.84363e+11	0	-8125.57	10230.9	0	-3.25682e+23	-2.59189e+23	0	5.683e+26	1.38156e+12	3.82574e+11	0	-2564.05	9333.77	0	-3.55043e+22	-9.78432e+21	0	8.681e+25	2.86244e+12	2.71596e+11	0	-643.071	6769.72	0	-1.3913e+21	-1.31367e+20	0	1.024e+26	4.49021e+12	2.17116e+11	0	-263.265	5423.67	0	-6.7341e+20	-3.23966e+19	0	7.342e+22	-1.5958e+10	1.49189e+11	0	-30613	-3133.21	0	2.98071e+19	-6.29458e+20	0	
10	1.9891e+30	2.72134e+08	8.33948e+07	0	10.1297	4.63802	0	2.30317e+23	2.70551e+23	0	3.285e+23	-5.43941e+10	2.26637e+10	0	-18143.2	-43587.4	0	1.1521e+22	-4.76095e+21	0	4.867e+24	-8.02597e+10	-7.00389e+10	0	23119.4	-26712.5	0	4.2736e+22	3.72077e+22	0	5.972e+24	-1.29081e+11	-7.52084e+10	0	14989.3	-25717.7	0	3.03865e+22	1.77439e+22	0	6.39e+23	1.33495e+11	-1.83888e+11	0	19606.7	14127.2	0	-9.6425e+20	1.3318e+21	0	1.898e+27	5.19567e+11	5.7938e+11	0	-9719.03	8727.88	0	-2.77773e+23	-3.09995e+23	0	5.683e+26	1.35282e+12	4.74981e+11	0	-3182.3	9140.71	0	-3.47402e+22	-1.21503e+22	0	8.681e+25	2.85521e+12	3.39212e+11	0	-803.141	6752.7	0	-1.38771e+21	-1.64135e+20	0	1.024e+26	4.48725e+12	2.71335e+11	0	-329.006	5420.11	0	-6.72954e+20	-4.04974e+19	0	7.342e+22	-1.29438e+11	-7.53128e+10	0	15300.9	-26724.6	0	5.77078e+20	2.76728e+20	0	
10	1.9891e+30	3.80762e+08	1.36422e+08	0	11.6818	6.09134	0	3.23552e+23	3.75386e+23	0	3.285e+23	-9.95734e+09	-5.77854e+10	0	46799.5	-8011.7	0	2.21546e+21	1.24009e+22	0	4.867e+24	7.18007e+10	8.05184e+10	0	-26298.9	23208.8	0	-3.71187e+22	-4.17708e+22	0	5.972e+24	1.21787e+11	-8.72846e+10	0	17407.1	24175.6	0	-2.86086e+22	2.05404e+22	0	6.39e+23	2.26204e+11	2.68387e+10	0	-2830.38	23966.7	0	-1.6291e+21	-1.92422e+20	0	1.898e+27	4.15533e+11	6.58102e+11	0	-11038.8	6979.65	0	-2.2205e+23	-3.52072e+23	0	5.683e+26	1.31796e+12	5.65251e+11	0	-3785.72	8906.5	0	-3.3819e+22	-1.44597e+22	0	8.681e+25	2.84638e+12	4.06638e+11	0	-962.753	6731.91	0	-1.38335e+21	-1.96836e+20	0	1.024e+26	4.48363e+12	3.25515e+11	0	-394.698	5415.76	0	-6.72403e+20	-4.85968e+19	0	7.342e+22	1.22028e+11	-8.75706e+10	0	18212.4	24848.1	0	-4.86195e+20	4.13507e+20	0	
10	1.9891e+30	5.04126e+08	2.07869e+08	0	12.8415	8.18053	0	1.85084e+23	3.91139e+23	0	3.285e+23	5.86944e+10	4.45563e+09	0	-3447.94	47751.9	0	-1.27767e+22	-9.30491e+20	0	4.867e+24	-5.70523e+10	-8.98718e+10	0	29667.5	-19116.5	0	3.04471e+22	4.76449e+22	0	5.972e+24	3.07644e+10	1.46745e+11	0	-29145.5	6034.79	0	-7.06648e+21	-3.45027e+22	0	6.39e+23	8.69311e+10	2.10116e+11	0	-22360.9	9154.45	0	-6.2668e+20	-1.52195e+21	0	1.898e+27	2.99827e+11	7.18319e+11	0	-12047.9	5035.36	0	-1.60083e+23	-3.84244e+23	0	5.683e+26	1.27716e+12	6.52977e+11	0	-4371.59	8632.24	0	-3.27452e+22	-1.67007e+22	0	8.681e+25	2.83596e+12	4.73837e+11	0	-1121.82	6707.36	0	-1.37824e+21	-2.29449e+20	0	1.024e+26	4.47936e+12	3.79648e+11	0	-460.332	5410.62	0	-6.71757e+20	-5.66932e+19	0	7.342e+22	3.09487e+10	1.47083e+11	0	-30041.9	6524.99	0	-1.83082e+20	-5.9805e+20	0	
10	1.9891e+30	6.37011e+08	2.99892e+08	0	13.7007	10.3031	0	1.11252e+23	4.80953e+23	0	3.285e+23	-1.79008e+10	5.61923e+10	0	-45106.5	-14611.1	0	3.95719e+21	-1.19373e+22	0	4.867e+24	4.67717e+10	9.72879e+10	0	-31769.4	14954.6	0	-2.40632e+22	-5.05784e+22	0	5.972e+24	-1.45583e+11	-3.16773e+10	0	6378.66	-29066.5	0	3.43715e+22	7.5935e+21	0	6.39e+23	-1.41214e+11	1.76743e+11	0	-18843.3	-15213.7	0	1.03709e+21	-1.28977e+21	0	1.898e+27	1.75707e+11	7.58338e+11	0	-12717.8	2949.71	0	-9.36107e+22	-4.05611e+23	0	5.683e+26	1.2306e+12	7.37766e+11	0	-4937.25	8319.22	0	-3.15239e+22	-1.88623e+22	0	8.681e+25	2.82394e+12	5.40772e+11	0	-1280.26	6679.05	0	-1.37239e+21	-2.6195e+20	0	1.024e+26	4.47443e+12	4.33725e+11	0	-525.898	5404.69	0	-6.7102e+20	-6.47844e+19	0	7.342e+22	-1.45958e+11	-3.16152e+10	0	6230.56	-30089.7	0	6.23594e+20	5.87194e+19	0	
10	1.9891e+30	7.75412e+08	4.13977e+08	0	13.9308	12.4001	0	4.98044e+22	3.47212e+23	0	3.285e+23	-5.01107e+10	-2.96889e+10	0	24208	-40560.8	0	1.07384e+22	6.35029e+21	0	4.867e+24	-2.91604e+10	-1.02348e+11	0	33801.7	-10006.3	0	1.57774e+22	5.41468e+22	0	5.972e+24	8.94834e+10	-1.20063e+11	0	23987.5	17676.1	0	-2.09517e+22	2.8316e+22	0	6.39e+23	-2.21808e+11	-3.97147e+10	0	4307.87	-23863.4	0	1.63206e+21	2.943e+20	0	1.898e+27	4.66661e+10	7.77036e+11	0	-13029.6	781.323	0	-2.44996e+22	-4.15574e+23	0	5.683e+26	1.17849e+12	8.19238e+11	0	-5480.17	7968.95	0	-3.01609e+22	-2.09341e+22	0	8.681e+25	2.81035e+12	6.07406e+11	0	-1437.97	6647.01	0	-1.3658e+21	-2.94319e+20	0	1.024e+26	4.46884e+12	4.87739e+11	0	-591.388	5397.97	0	-6.7019e+20	-7.28686e+19	0	7.342e+22	8.95666e+10	-1.20425e+11	0	25013.5	17926.1	0	-3.04114e+20	5.56249e+20	0	
10	1.9891e+30	9.17023e+08	5.47921e+08	0	14.3482	14.5558	0	2.03693e+22	5.1302e+23	0	3.285e+23	4.14418e+10	-4.16065e+10	0	34279.2	33290.6	0	-8.83745e+21	9.19592e+21	0	4.867e+24	1.80944e+10	1.06426e+11	0	-34725.7	5478.18	0	-8.99659e+21	-5.54309e+22	0	5.972e+24	7.46925e+10	1.30712e+11	0	-25890.5	14699	0	-1.73017e+22	-3.06874e+22	0	6.39e+23	-7.06284e+10	-2.14424e+11	0	22972.9	-7691.14	0	5.21895e+20	1.56809e+21	0	1.898e+27	-8.36622e+10	7.73891e+11	0	-12974.7	-1408.83	0	4.53127e+22	-4.13854e+23	0	5.683e+26	1.12108e+12	8.97027e+11	0	-5997.9	7583.08	0	-2.86627e+22	-2.29063e+22	0	8.681e+25	2.79519e+12	6.737e+11	0	-1594.89	6611.25	0	-1.35847e+21	-3.26535e+20	0	1.024e+26	4.4626e+12	5.41682e+11	0	-656.792	5390.46	0	-6.69269e+20	-8.09439e+19	0	7.342e+22	7.49969e+10	1.30938e+11	0	-26503.3	15532.8	0	-3.7771e+20	-4.98068e+20	0	
10	1.9891e+30	1.05869e+09	7.0585e+08	0	13.8702	16.8718	0	-1.12682e+23	3.82564e+23	0	3.285e+23	3.15618e+10	5.06683e+10	0	-40556.8	25126	0	-6.63329e+21	-1.08609e+22	0	4.867e+24	1.13868e+09	-1.06472e+11	0	35208.1	-131.24	0	-3.8449e+19	5.62473e+22	0	5.972e+24	-1.47923e+11	1.51066e+10	0	-2846.78	-29611.3	0	3.50589e+22	-3.29575e+21	0	6.39e+23	1.55017e+11	-1.66349e+11	0	17807.7	16347.6	0	-1.11389e+21	1.20875e+21	0	1.898e+27	-2.11609e+11	7.48992e+11	0	-12554.4	-3559.16	0	1.13868e+23	-4.00494e+23	0	5.683e+26	1.05862e+12	9.70787e+11	0	-6488.13	7163.45	0	-2.70365e+22	-2.47697e+22	0	8.681e+25	2.77846e+12	7.39619e+11	0	-1750.92	6571.79	0	-1.35041e+21	-3.58577e+20	0	1.024e+26	4.45571e+12	5.95546e+11	0	-722.101	5382.16	0	-6.68256e+20	-8.90083e+19	0	7.342e+22	-1.48244e+11	1.53187e+10	0	-3399.45	-30467.1	0	5.95807e+20	-1.51183e+20	0	
10	1.9891e+30	1.19488e+09	8.84178e+08	0	13.3537	18.8603	0	-1.57718e+23	4.29073e+23	0	3.285e+23	-5.49441e+10	1.95378e+10	0	-14982.2	-44748.6	0	1.1825e+22	-3.93119e+21	0	4.867e+24	-1.19589e+10	1.07187e+11	0	-34914.4	-4475.17	0	6.9112e+21	-5.58866e+22	0	5.972e+24	4.86415e+10	-1.4102e+11	0	28248.8	9473.26	0	-1.12772e+22	3.33845e+22	0	6.39e+23	2.22299e+11	5.3936e+10	0	-5630.02	23479.7	0	-1.59554e+21	-3.82688e+20	0	1.898e+27	-3.3357e+11	7.03042e+11	0	-11780.4	-5609.19	0	1.79242e+23	-3.75866e+23	0	5.683e+26	9.91415e+11	1.04019e+12	0	-6948.68	6712.06	0	-2.52903e+22	-2.65158e+22	0	8.681e+25	2.76017e+12	8.05124e+11	0	-1905.98	6528.65	0	-1.34162e+21	-3.90427e+20	0	1.024e+26	4.44816e+12	6.49322e+11	0	-787.307	5373.07	0	-6.6715e+20	-9.70604e+19	0	7.342e+22	4.85526e+10	-1.41385e+11	0	29267.5	9252.76	0	-8.78107e+19	6.1254e+20	0	
10	1.9891e+30	1.32377e+09	1.08256e+09	0	12.4053	20.7318	0	-1.72914e+23	3.28776e+23	0	3.285e+23	-4.83626e+09	-5.74014e+10	0	47278.6	-4623.79	0	1.3229e+21	1.25404e+22	0	4.867e+24	3.1426e+10	-1.01935e+11	0	33794.2	9717.75	0	-1.5729e+22	5.38416e+22	0	5.972e+24	1.11488e+11	1.02307e+11	0	-20137.2	21948.6	0	-2.58772e+22	-2.39272e+22	0	6.39e+23	6.23944e+10	2.19656e+11	0	-23289.5	6464.7	0	-4.43376e+20	-1.58616e+21	0	1.898e+27	-4.46109e+11	6.37335e+11	0	-10674.4	-7501.2	0	2.39597e+23	-3.40651e+23	0	5.683e+26	9.19756e+11	1.10493e+12	0	-7377.51	6231.02	0	-2.34327e+22	-2.81368e+22	0	8.681e+25	2.74034e+12	8.70179e+11	0	-2059.99	6481.85	0	-1.33209e+21	-4.22064e+20	0	1.024e+26	4.43996e+12	7.03004e+11	0	-852.401	5363.2	0	-6.65952e+20	-1.05099e+20	0	7.342e+22	1.11856e+11	1.02371e+11	0	-20325.8	22980.4	0	-5.26401e+20	-3.29122e+20	0	
10	1.9891e+30	1.44317e+09	1.29938e+09	0	11.3291	22.6906	0	-3.13555e+23	3.95095e+23	0	3.285e+23	5.91724e+10	9.77444e+09	0	-6892.41	47388.8	0	-1.26738e+22	-1.85842e+21	0	4.867e+24	-4.0982e+10	9.94948e+10	0	-32297	-14108	0	2.2391e+22	-5.18363e+22	0	5.972e+24	-1.35937e+11	6.0702e+10	0	-11801.6	-27300.8	0	3.23743e+22	-1.38776e+22	0	6.39e+23	-1.6027e+11	1.59646e+11	0	-16917.3	-17331.3	0	1.18304e+21	-1.15845e+21	0	1.898e+27	-5.46054e+11	5.53723e+11	0	-9267.47	-9181.88	0	2.93235e+23	-2.95832e+23	0	5.683e+26	8.43976e+11	1.16472e+12	0	-7772.74	5722.62	0	-2.14728e+22	-2.96256e+22	0	8.681e+25	2.71898e+12	9.34749e+11	0	-2212.85	6431.42	0	-1.32184e+21	-4.53472e+20	0	1.024e+26	4.43111e+12	7.56584e+11	0	-917.373	5352.55	0	-6.6466e+20	-1.13122e+20	0	7.342e+22	-1.36144e+11	6.10251e+10	0	-12662.7	-27850	0	5.04515e+20	-3.40085e+20	0	
10	1.9891e+30	1.54741e+09	1.53407e+09	0	9.57003	24.051	0	-2.93196e+23	2.0234e+23	0	3.285e+23	-2.09467e+10	5.5985e+10	0	-43926.8	-17782.7	0	4.79527e+21	-1.16132e+22	0	4.867e+24	5.92736e+10	-8.9113e+10	0	29694.4	18753.6	0	-3.00481e+22	4.71902e+22	0	5.972e+24	3.14538e+09	-1.48096e+11	0	29782.6	357.69	0	-5.00994e+20	3.52485e+22	0	6.39e+23	-2.14712e+11	-6.47568e+10	0	7098.68	-23173.8	0	1.58513e+21	4.86036e+20	0	1.898e+27	-6.30585e+11	4.54561e+11	0	-7598.97	-10603.8	0	3.38639e+23	-2.4266e+23	0	5.683e+26	7.64419e+11	1.2193e+12	0	-8132.65	5189.23	0	-1.94201e+22	-3.09759e+22	0	8.681e+25	2.69609e+12	9.98796e+11	0	-2364.49	6377.38	0	-1.31086e+21	-4.84632e+20	0	1.024e+26	4.42161e+12	8.10053e+11	0	-982.214	5341.11	0	-6.63274e+20	-1.21128e+20	0	7.342e+22	2.90756e+09	-1.48397e+11	0	30596.8	-259.636	0	1.1992e+20	5.89782e+20	0	
10	1.9891e+30	1.63622e+09	1.78036e+09	0	8.12549	25.3021	0	-3.69467e+23	2.6526e+23	0	3.285e+23	-4.69735e+10	-3.18474e+10	0	27042.8	-38728.4	0	1.02663e+22	7.09976e+21	0	4.867e+24	-6.66317e+10	8.39592e+10	0	-27065.8	-22637.3	0	3.61679e+22	-4.35444e+22	0	5.972e+24	1.37544e+11	6.42995e+10	0	-12441.5	27081.6	0	-3.1985e+22	-1.48652e+22	0	6.39e+23	-4.40202e+10	-2.20229e+11	0	23706.1	-4912.83	0	3.32576e+20	1.61747e+21	0	1.898e+27	-6.97317e+11	3.42644e+11	0	-5715.82	-11726.8	0	3.74525e+23	-1.82623e+23	0	5.683e+26	6.81446e+11	1.26843e+12	0	-8455.7	4633.34	0	-1.72848e+22	-3.21819e+22	0	8.681e+25	2.67169e+12	1.06228e+12	0	-2514.83	6319.77	0	-1.29916e+21	-5.15527e+20	0	1.024e+26	4.41147e+12	8.63403e+11	0	-1046.92	5328.89	0	-6.61794e+20	-1.29117e+20	0	7.342e+22	1.37901e+11	6.41883e+10	0	-12154.4	28087.4	0	-5.94214e+20	-1.18343e+20	0	
10	1.9891e+30	1.70768e+09	2.03869e+09	0	6.16601	26.2368	0	-3.57134e+23	1.28462e+23	0	3.285e+23	4.51661e+10	-3.70524e+10	0	31792.7	35700.7	0	-9.4879e+21	8.5372e+21	0	4.867e+24	8.24755e+10	-6.90274e+10	0	23253.7	26273.3	0	-4.19092e+22	3.68797e+22	0	5.972e+24	-1.10825e+11	1.00717e+11	0	-19619.6	-22357.5	0	2.65819e+22	-2.31309e+22	0	6.39e+23	1.74256e+11	-1.45815e+11	0	15749.2	18334.8	0	-1.2476e+21	1.06907e+21	0	1.898e+27	-7.44362e+11	2.21128e+11	0	-3670.98	-12519.1	0	3.9987e+23	-1.17405e+23	0	5.683e+26	5.95433e+11	1.3119e+12	0	-8740.52	4057.54	0	-1.50771e+22	-3.32388e+22	0	8.681e+25	2.6458e+12	1.12518e+12	0	-2663.78	6258.62	0	-1.28674e+21	-5.46139e+20	0	1.024e+26	4.40067e+12	9.16628e+11	0	-1111.47	5315.89	0	-6.60219e+20	-1.37087e+20	0	7.342e+22	-1.10871e+11	1.01092e+11	0	-20647.5	-22484.6	0	3.50435e+20	-4.89837e+20	0	
10	1.9891e+30	1.75983e+09	2.30471e+09	0	4.17412	26.9244	0	-4.49547e+23	9.2985e+22	0	3.285e+23	2.85821e+10	5.43656e+10	0	-42251.3	22137.7	0	-5.82531e+21	-1.1302e+22	0	4.867e+24	-8.68393e+10	6.18258e+10	0	-19624.1	-29360.8	0	4.70728e+22	-3.16289e+22	0	5.972e+24	-4.26401e+10	-1.4061e+11	0	28441.2	-8791.52	0	1.03292e+22	3.37128e+22	0	6.39e+23	2.15069e+11	8.09321e+10	0	-8363.21	22664.8	0	-1.54014e+21	-5.67626e+20	0	1.898e+27	-7.70389e+11	9.34407e+10	0	-1522.03	-12958.1	0	4.13948e+23	-4.88414e+22	0	5.683e+26	5.06767e+11	1.34952e+12	0	-8985.94	3464.48	0	-1.28076e+22	-3.41427e+22	0	8.681e+25	2.61842e+12	1.18745e+12	0	-2811.25	6193.96	0	-1.2736e+21	-5.76452e+20	0	1.024e+26	4.38924e+12	9.69719e+11	0	-1175.86	5302.12	0	-6.58548e+20	-1.45038e+20	0	7.342e+22	-4.29806e+10	-1.40792e+11	0	28923.1	-9682.73	0	3.02712e+20	5.06283e+20	0	
10	1.9891e+30	1.79079e+09	2.57433e+09	0	2.16277	26.9227	0	-3.29722e+23	-2.61731e+20	0	3.285e+23	-5.55363e+10	1.72073e+10	0	-11761.3	-45689.5	0	1.20703e+22	-3.08306e+21	0	4.867e+24	9.92004e+10	-4.32784e+10	0	14990.6	31694.9	0	-5.04325e+22	2.37437e+22	0	5.972e+24	1.50327e+11	2.03351e+10	0	-3541.16	29601	0	-3.50296e+22	-4.34301e+21	0	6.39e+23	3.66287e+10	2.26754e+11	0	-23904.9	3678.19	0	-2.53216e+20	-1.6286e+21	0	1.898e+27	-7.74657e+11	-3.68132e+10	0	670.435	-13031.2	0	4.16349e+23	2.11348e+22	0	5.683e+26	4.15849e+11	1.38114e+12	0	-9190.96	2856.88	0	-1.04872e+22	-3.48902e+22	0	8.681e+25	2.58958e+12	1.24905e+12	0	-2957.17	6125.83	0	-1.25976e+21	-6.06448e+20	0	1.024e+26	4.37716e+12	1.02267e+12	0	-1240.09	5287.57	0	-6.56782e+20	-1.52968e+20	0	7.342e+22	1.50605e+11	2.00755e+10	0	-2860.93	30371	0	-5.78878e+20	8.74772e+19	0	
10	1.9891e+30	1.80369e+09	2.84447e+09	0	0.261412	27.1186	0	-4.71241e+23	-1.80649e+22	0	3.285e+23	-1.46056e+08	-5.59012e+10	0	47501.6	-1215.17	0	4.20671e+20	1.26155e+22	0	4.867e+24	-9.99463e+10	3.48919e+10	0	-10574.1	-33713.9	0	5.41503e+22	-1.70597e+22	0	5.972e+24	-7.5024e+10	1.31277e+11	0	-25549.3	-15258.5	0	1.82409e+22	-3.01825e+22	0	6.39e+23	-1.77509e+11	1.40883e+11	0	-14757.7	-19210.6	0	1.31251e+21	-1.01062e+21	0	1.898e+27	-7.57041e+11	-1.65956e+11	0	2844.54	-12736.3	0	4.06994e+23	9.05464e+22	0	5.683e+26	3.23085e+11	1.40662e+12	0	-9354.77	2237.53	0	-8.12665e+21	-3.54788e+22	0	8.681e+25	2.55928e+12	1.30995e+12	0	-3101.46	6054.26	0	-1.24521e+21	-6.36112e+20	0	1.024e+26	4.36444e+12	1.07547e+12	0	-1304.14	5272.24	0	-6.54919e+20	-1.60877e+20	0	7.342e+22	-7.48947e+10	1.31628e+11	0	-26533.8	-14913.7	0	1.49872e+20	-5.68429e+20	0	
10	1.9891e+30	1.79497e+09	3.11332e+09	0	-1.88217	26.5089	0	-3.33138e+23	-1.56691e+23	0	3.285e+23	5.87587e+10	1.57689e+10	0	-10310.7	46766	0	-1.25029e+22	-2.77564e+21	0	4.867e+24	1.08142e+11	-1.39062e+10	0	5560.21	34605.5	0	-5.50026e+22	8.80589e+21	0	5.972e+24	-8.43051e+10	-1.19305e+11	0	24358.1	-17089.6	0	2.01612e+22	2.89361e+22	0	6.39e+23	-2.05085e+11	-8.83751e+10	0	9783.75	-22168.2	0	1.51595e+21	6.70367e+20	0	1.898e+27	-7.18032e+11	-2.90339e+11	0	4938.88	-12081.6	0	3.86137e+23	1.57428e+23	0	5.683e+26	2.28893e+11	1.42586e+12	0	-9476.78	1609.23	0	-5.73704e+21	-3.59068e+22	0	8.681e+25	2.52755e+12	1.37012e+12	0	-3244.03	5979.29	0	-1.22996e+21	-6.65428e+20	0	1.024e+26	4.35108e+12	1.12811e+12	0	-1368	5256.14	0	-6.52962e+20	-1.68763e+20	0	7.342e+22	-8.46867e+10	-1.1933e+11	0	24420.6	-18109.4	0	4.49879e+20	3.67229e+20	0	
10	1.9891e+30	1.76751e+09	3.37488e+09	0	-3.64315	25.7787	0	-3.76506e+23	-1.79087e+23	0	3.285e+23	-2.45686e+10	5.61062e+10	0	-42532.3	-20870.6	0	5.60671e+21	-1.12307e+22	0	4.867e+24	-1.0487e+11	5.33699e+09	0	-652.689	-35334.8	0	5.67881e+22	-1.04936e+21	0	5.972e+24	1.48587e+11	-2.53392e+10	0	5701.74	29259.5	0	-3.46888e+22	6.61968e+21	0	6.39e+23	-1.73217e+10	-2.22551e+11	0	24104	-2078.66	0	1.38794e+20	1.64425e+21	0	1.898e+27	-6.58727e+11	-4.06447e+11	0	6894.22	-11085.2	0	3.54359e+23	2.19882e+23	0	5.683e+26	1.3369e+11	1.43878e+12	0	-9556.57	974.819	0	-3.32933e+21	-3.61734e+22	0	8.681e+25	2.49441e+12	1.42952e+12	0	-3384.8	5900.96	0	-1.21402e+21	-6.94379e+20	0	1.024e+26	4.33708e+12	1.18059e+12	0	-1431.66	5239.28	0	-6.50908e+20	-1.76627e+20	0	7.342e+22	1.48738e+11	-2.56942e+10	0	6625.83	29670.4	0	-5.03106e+20	2.64886e+20	0	
10	1.9891e+30	1.72274e+09	3.62699e+09	0	-5.19755	24.6487	0	-2.70959e+23	-2.0596e+23	0	3.285e+23	-4.43633e+10	-3.33551e+10	0	29736.2	-36711.5	0	9.74234e+21	7.81527e+21	0	4.867e+24	1.08618e+11	1.67847e+10	0	-4304.59	34782.6	0	-5.52841e+22	-6.80155e+21	0	5.972e+24	-3.1988e+10	1.49423e+11	0	-29017.2	-6684.4	0	8.12364e+21	-3.43556e+22	0	6.39e+23	1.90503e+11	-1.22962e+11	0	13467.8	20053.8	0	-1.36383e+21	9.14472e+20	0	1.898e+27	-5.80795e+11	-5.10998e+11	0	8655.27	-9775.46	0	3.12555e+23	2.76136e+23	0	5.683e+26	3.79026e+10	1.44535e+12	0	-9593.91	337.139	0	-9.14425e+20	-3.62784e+22	0	8.681e+25	2.45986e+12	1.48813e+12	0	-3523.69	5819.33	0	-1.19739e+21	-7.2295e+20	0	1.024e+26	4.32244e+12	1.23289e+12	0	-1495.13	5221.65	0	-6.4876e+20	-1.84467e+20	0	7.342e+22	-3.17114e+10	1.4968e+11	0	-29741.3	-5948.64	0	-5.30866e+19	-5.62682e+20	0	
10	1.9891e+30	1.66323e+09	3.86844e+09	0	-6.8053	23.5296	0	-3.33375e+23	-3.31125e+23	0	3.285e+23	4.78282e+10	-3.1955e+10	0	29131.7	37911.1	0	-1.00889e+22	7.83138e+21	0	4.867e+24	-1.01192e+11	-2.44164e+10	0	9323.15	-34084	0	5.47472e+22	1.50502e+22	0	5.972e+24	-1.17848e+11	-8.62397e+10	0	17927.3	-23740.4	0	2.80674e+22	2.13823e+22	0	6.39e+23	2.04251e+11	1.06961e+11	0	-10982.1	21521.8	0	-1.46327e+21	-7.44605e+20	0	1.898e+27	-4.86435e+11	-6.01034e+11	0	10172.2	-8189.19	0	2.61906e+23	3.2459e+23	0	5.683e+26	-5.80461e+10	1.44553e+12	0	-9588.77	-300.969	0	1.49686e+21	-3.62223e+22	0	8.681e+25	2.42394e+12	1.5459e+12	0	-3660.64	5734.42	0	-1.18009e+21	-7.51127e+20	0	1.024e+26	4.30718e+12	1.28502e+12	0	-1558.37	5203.25	0	-6.46516e+20	-1.92282e+20	0	7.342e+22	-1.18196e+11	-8.60944e+10	0	17531.8	-24696.4	0	5.36778e+20	1.81157e+20	0	
10	1.9891e+30	1.58865e+09	4.09446e+09	0	-7.89965	21.6775	0	-1.1825e+23	-3.09017e+23	0	3.285e+23	2.45906e+10	5.79815e+10	0	-43726	19023.7	0	-4.98906e+21	-1.16827e+22	0	4.867e+24	1.00603e+11	4.63816e+10	0	-13831.3	32213.5	0	-5.12596e+22	-2.18885e+22	0	5.972e+24	1.32506e+11	-6.83113e+10	0	14394.8	26093.6	0	-3.09978e+22	1.69471e+22	0	6.39e+23	9.73847e+09	2.30726e+11	0	-24189.2	827.03	0	-5.9344e+19	-1.64846e+21	0	1.898e+27	-3.78309e+11	-6.74009e+11	0	11402	-6371.26	0	2.03847e+23	3.63867e+23	0	5.683e+26	-1.53732e+11	1.43933e+12	0	-9541.31	-936.683	0	3.89386e+21	-3.60065e+22	0	8.681e+25	2.38666e+12	1.60281e+12	0	-3795.55	5646.29	0	-1.16212e+21	-7.78894e+20	0	1.024e+26	4.29128e+12	1.33696e+12	0	-1621.4	5184.09	0	-6.44179e+20	-2.00073e+20	0	7.342e+22	1.32504e+11	-6.86971e+10	0	15405.8	26085.3	0	-3.78565e+20	4.07688e+20	0	
10	1.9891e+30	1.50583e+09	4.30397e+09	0	-8.73739	20.1977	0	-2.03363e+23	-3.47299e+23	0	3.285e+23	-5.67204e+10	1.48428e+10	0	-8481.86	-46412.9	0	1.22554e+22	-2.22031e+21	0	4.867e+24	-8.92098e+10	-5.1928e+10	0	18531.3	-30068.2	0	4.82102e+22	2.98787e+22	0	5.972e+24	1.41577e+10	1.53397e+11	0	-29684.1	2537.25	0	-2.80766e+21	-3.52224e+22	0	6.39e+23	-1.92885e+11	1.20062e+11	0	-12389.5	-20832.3	0	1.42386e+21	-8.48038e+20	0	1.898e+27	-2.59468e+11	-7.27857e+11	0	12310.1	-4373.06	0	1.40026e+23	3.92853e+23	0	5.683e+26	-2.48732e+11	1.42681e+12	0	-9451.88	-1567.21	0	6.26614e+21	-3.56329e+22	0	8.681e+25	2.34804e+12	1.65882e+12	0	-3928.35	5554.99	0	-1.1435e+21	-8.06238e+20	0	1.024e+26	4.27475e+12	1.3887e+12	0	-1684.19	5164.18	0	-6.41748e+20	-2.07838e+20	0	7.342e+22	1.45229e+10	1.53517e+11	0	-30021.7	3493.44	0	-2.2593e+20	-4.94533e+20	0	
10	1.9891e+30	1.4149e+09	4.4964e+09	0	-9.33794	18.3013	0	-7.06515e+22	-3.64469e+23	0	3.285e+23	3.68735e+09	-5.42076e+10	0	47482.9	2190.71	0	-4.86734e+20	1.2626e+22	0	4.867e+24	8.47191e+10	7.25832e+10	0	-22282.2	27094.2	0	-4.32208e+22	-3.53213e+22	0	5.972e+24	-1.39983e+11	-4.46101e+10	0	9769.62	-28101.3	0	3.32951e+22	1.17642e+22	0	6.39e+23	-1.93191e+11	-1.10909e+11	0	12331.9	-20857	0	1.42542e+21	8.4509e+20	0	1.898e+27	-1.33267e+11	-7.61057e+11	0	12870.6	-2251.14	0	7.22558e+22	4.10725e+23	0	5.683e+26	-3.42631e+11	1.40802e+12	0	-9320.99	-2189.79	0	8.60348e+21	-3.51042e+22	0	8.681e+25	2.3081e+12	1.7139e+12	0	-4058.97	5460.56	0	-1.12423e+21	-8.33144e+20	0	1.024e+26	4.25759e+12	1.44024e+12	0	-1746.73	5143.5	0	-6.39225e+20	-2.15576e+20	0	7.342e+22	-1.40225e+11	-4.43209e+10	0	8989.21	-28779.9	0	5.42579e+20	-1.65598e+19	0	
10	1.9891e+30	1.31952e+09	4.67022e+09	0	-9.71512	16.3584	0	-1.2515e+22	-4.47784e+23	0	3.285e+23	5.72185e+10	2.14395e+10	0	-13668.1	45882.7	0	-1.22647e+22	-3.67719e+21	0	4.867e+24	-6.99042e+10	-7.49491e+10	0	26218.8	-23623.6	0	3.775e+22	4.21929e+22	0	5.972e+24	1.03692e+11	-1.04437e+11	0	21700.3	20408.6	0	-2.43196e+22	2.56452e+22	0	6.39e+23	9.04076e+09	-2.21991e+11	0	24172.3	773.82	0	-5.61181e+19	1.64805e+21	0	1.898e+27	-3.26782e+09	-7.72667e+11	0	13067.9	-65.5049	0	2.46041e+21	4.16982e+23	0	5.683e+26	-4.35016e+11	1.38305e+12	0	-9149.36	-2801.73	0	1.0896e+22	-3.44237e+22	0	8.681e+25	2.26686e+12	1.76802e+12	0	-4187.34	5363.06	0	-1.10432e+21	-8.59599e+20	0	1.024e+26	4.23981e+12	1.49157e+12	0	-1809.03	5122.07	0	-6.36611e+20	-2.23287e+20	0	7.342e+22	1.03529e+11	-1.04782e+11	0	22621.9	19963.4	0	-2.10144e+20	4.99892e+20	0	
10	1.9891e+30	1.22377e+09	4.82314e+09	0	-9.30994	14.3732	0	9.6636e+22	-2.87577e+23	0	3.285e+23	-2.88196e+10	5.55645e+10	0	-40915.5	-23860.6	0	6.38778e+21	-1.07925e+22	0	4.867e+24	6.22163e+10	9.33179e+10	0	-28988.1	19813.3	0	-3.17446e+22	-4.6052e+22	0	5.972e+24	5.90353e+10	1.42823e+11	0	-27482.7	11519.8	0	-1.34908e+22	-3.26826e+22	0	6.39e+23	2.03618e+11	-9.8702e+10	0	11009.3	21487.2	0	-1.46134e+21	7.47336e+20	0	1.898e+27	1.26861e+11	-7.6236e+11	0	12896.4	2122.04	0	-6.738e+22	4.11452e+23	0	5.683e+26	-5.25485e+11	1.35203e+12	0	-8937.85	-3400.38	0	1.3134e+22	-3.35952e+22	0	8.681e+25	2.22436e+12	1.82115e+12	0	-4313.37	5262.54	0	-1.08378e+21	-8.8559e+20	0	1.024e+26	4.22141e+12	1.54268e+12	0	-1871.07	5099.89	0	-6.33907e+20	-2.30971e+20	0	7.342e+22	5.9421e+10	1.42789e+11	0	-27396.7	12521.9	0	-3.63311e+20	-3.83292e+20	0	
10	1.9891e+30	1.13196e+09	4.95921e+09	0	-9.10064	12.7288	0	5.37667e+22	-4.19905e+23	0	3.285e+23	-4.21976e+10	-3.51888e+10	0	32289.9	-34517.5	0	9.16888e+21	8.49281e+21	0	4.867e+24	-4.48544e+10	-9.16052e+10	0	31764.2	-15293	0	2.42882e+22	5.0991e+22	0	5.972e+24	-1.48508e+11	1.58351e+09	0	671.852	-29753.9	0	3.53311e+22	9.90388e+20	0	6.39e+23	1.90194e+11	1.31126e+11	0	-13440	20070.1	0	-1.36582e+21	-9.11507e+20	0	1.898e+27	2.53448e+11	-7.30426e+11	0	12361.3	4249.7	0	-1.35286e+23	3.94301e+23	0	5.683e+26	-6.13644e+11	1.31509e+12	0	-8687.51	-3983.19	0	1.53083e+22	-3.26232e+22	0	8.681e+25	2.18061e+12	1.87326e+12	0	-4437	5159.05	0	-1.06264e+21	-9.11105e+20	0	1.024e+26	4.20239e+12	1.59356e+12	0	-1932.84	5076.96	0	-6.31113e+20	-2.38625e+20	0	7.342e+22	-1.48599e+11	1.95463e+09	0	-311.854	-30020.6	0	4.82182e+20	-1.85925e+20	0	
10	1.9891e+30	1.04455e+09	5.07625e+09	0	-8.24724	10.7816	0	2.27095e+23	-3.17958e+23	0	3.285e+23	4.96751e+10	-2.72894e+10	0	26326.1	39915.6	0	-1.06374e+22	7.08209e+21	0	4.867e+24	3.48809e+10	1.06945e+11	0	-33408.9	10932.9	0	-1.76795e+22	-5.32163e+22	0	5.972e+24	6.49989e+10	-1.30196e+11	0	26911.1	12757.4	0	-1.5296e+22	3.1887e+22	0	6.39e+23	-1.75743e+10	2.31016e+11	0	-24123.3	-2043.8	0	1.35548e+20	-1.64502e+21	0	1.898e+27	3.72923e+11	-6.77766e+11	0	11477.7	6257.4	0	-1.99336e+23	3.66027e+23	0	5.683e+26	-6.9911e+11	1.27242e+12	0	-8399.54	-4547.67	0	1.741e+22	-3.15128e+22	0	8.681e+25	2.13563e+12	1.92432e+12	0	-4558.17	5052.65	0	-1.04089e+21	-9.3613e+20	0	1.024e+26	4.18276e+12	1.64421e+12	0	-1994.33	5053.29	0	-6.28232e+20	-2.4625e+20	0	7.342e+22	6.46997e+10	-1.30426e+11	0	27544.2	11942.1	0	-2.19749e+19	5.18771e+20	0	
10	1.9891e+30	9.67235e+08	5.17647e+09	0	-7.18891	9.22681	0	2.56929e+23	-3.11677e+23	0	3.285e+23	2.00299e+10	6.06088e+10	0	-44958.5	15808.1	0	-4.12913e+21	-1.20009e+22	0	4.867e+24	-1.60617e+10	-1.0056e+11	0	34737.5	-5760.36	0	8.96097e+21	5.56115e+22	0	5.972e+24	9.83512e+10	1.18758e+11	0	-22624.8	19393.2	0	-2.28802e+22	-2.69833e+22	0	6.39e+23	-2.05728e+11	9.70462e+10	0	-9836.66	-22167.1	0	1.51514e+21	-6.73493e+20	0	1.898e+27	4.81922e+11	-6.05866e+11	0	10270.7	8088.54	0	-2.57725e+23	3.2744e+23	0	5.683e+26	-7.81514e+11	1.22421e+12	0	-8075.29	-5091.43	0	1.94306e+22	-3.02693e+22	0	8.681e+25	2.08945e+12	1.9743e+12	0	-4676.79	4943.39	0	-1.01855e+21	-9.60655e+20	0	1.024e+26	4.16251e+12	1.69462e+12	0	-2055.54	5028.87	0	-6.25264e+20	-2.53843e+20	0	7.342e+22	9.86878e+10	1.18573e+11	0	-22124.8	20274.9	0	-4.5761e+20	-2.33853e+20	0	
10	1.9891e+30	9.02547e+08	5.26185e+09	0	-5.74211	7.99038	0	2.43128e+23	-1.82749e+23	0	3.285e+23	-5.79284e+10	1.16528e+10	0	-5146.84	-46907.2	0	1.23799e+22	-1.34687e+21	0	4.867e+24	4.89153e+09	1.12381e+11	0	-35176.7	1145.66	0	-2.09574e+21	-5.61915e+22	0	5.972e+24	-1.42553e+11	4.79509e+10	0	-8491.93	-28534.5	0	3.39547e+22	-9.90325e+21	0	6.39e+23	-1.7866e+11	-1.32447e+11	0	14715.8	-19257.5	0	1.31465e+21	1.00807e+21	0	1.898e+27	5.77373e+11	-5.16756e+11	0	8774.75	9691.58	0	-3.08808e+23	2.79645e+23	0	5.683e+26	-8.605e+11	1.17067e+12	0	-7716.25	-5612.18	0	2.13621e+22	-2.88988e+22	0	8.681e+25	2.0421e+12	2.02318e+12	0	-4792.81	4831.34	0	-9.95642e+20	-9.84667e+20	0	1.024e+26	4.14165e+12	1.74479e+12	0	-2116.45	5003.71	0	-6.2221e+20	-2.61403e+20	0	7.342e+22	-1.42485e+11	4.83319e+10	0	-9483.79	-28367.8	0	3.82086e+20	-3.17459e+20	0	
10	1.9891e+30	8.51074e+08	5.33609e+09	0	-4.48192	6.74738	0	3.42787e+23	-3.00792e+23	0	3.285e+23	7.3321e+09	-5.30229e+10	0	47233.5	5587.27	0	-1.39398e+21	1.25713e+22	0	4.867e+24	1.41537e+10	-1.01084e+11	0	34916.6	4197.22	0	-6.96249e+21	5.57373e+22	0	5.972e+24	2.02018e+10	-1.4305e+11	0	29526.6	3876.88	0	-4.77499e+21	3.50708e+22	0	6.39e+23	3.52753e+10	-2.18914e+11	0	23909.1	3612.72	0	-2.49856e+20	1.62896e+21	0	1.898e+27	6.56593e+11	-4.12946e+11	0	7032.05	11021.5	0	-3.51155e+23	2.24e+23	0	5.683e+26	-9.35728e+11	1.11205e+12	0	-7324.06	-6107.75	0	2.31968e+22	-2.74076e+22	0	8.681e+25	1.9936e+12	2.07092e+12	0	-4906.15	4716.56	0	-9.72172e+20	-1.00816e+21	0	1.024e+26	4.12018e+12	1.7947e+12	0	-2177.06	4977.81	0	-6.1907e+20	-2.68928e+20	0	7.342e+22	1.98281e+10	-1.43119e+11	0	29729	2872.01	0	1.4434e+20	4.68057e+20	0	
10	1.9891e+30	8.16426e+08	5.39812e+09	0	-2.42212	5.86858	0	3.90511e+23	-5.75673e+22	0	3.285e+23	5.53558e+10	2.61946e+10	0	-16937.7	44757.5	0	-1.19604e+22	-4.55845e+21	0	4.867e+24	-2.53436e+10	1.09197e+11	0	-34130.6	-8768.95	0	1.37771e+22	-5.46778e+22	0	5.972e+24	1.28356e+11	8.36004e+10	0	-15581.2	25399.1	0	-3.00788e+22	-1.86814e+22	0	6.39e+23	2.13987e+11	-7.3639e+10	0	8409.41	22626.7	0	-1.53854e+21	5.70473e+20	0	1.898e+27	7.17355e+11	-2.97362e+11	0	5091.91	12040.9	0	-3.83585e+23	1.62085e+23	0	5.683e+26	-1.00688e+12	1.04861e+12	0	-6900.5	-6576.06	0	2.49276e+22	-2.58026e+22	0	8.681e+25	1.94399e+12	2.1175e+12	0	-5016.76	4599.1	0	-9.48157e+20	-1.03111e+21	0	1.024e+26	4.09811e+12	1.84434e+12	0	-2237.36	4951.18	0	-6.15846e+20	-2.76415e+20	0	7.342e+22	1.28575e+11	8.3291e+10	0	-14736.2	25983.5	0	-4.89245e+20	-6.0274e+19	0	
10	1.9891e+30	8.00764e+08	5.45505e+09	0	-0.703618	5.46116	0	3.66957e+23	-9.00244e+22	0	3.285e+23	-3.27958e+10	5.39474e+10	0	-39078	-26722.7	0	7.13449e+21	-1.03012e+22	0	4.867e+24	4.33736e+10	-9.31386e+10	0	32309.2	13781.2	0	-2.22038e+22	5.14332e+22	0	5.972e+24	-1.22641e+11	9.00908e+10	0	-16835.6	-24558.5	0	2.92966e+22	-1.98507e+22	0	6.39e+23	1.73673e+11	1.52965e+11	0	-15703.7	18344.6	0	-1.24938e+21	-1.06625e+21	0	1.898e+27	7.57955e+11	-1.73258e+11	0	3009.07	12721.5	0	-4.05198e+23	9.56485e+22	0	5.683e+26	-1.07364e+12	9.80625e+11	0	-6447.44	-7015.18	0	2.65479e+22	-2.40909e+22	0	8.681e+25	1.89328e+12	2.16289e+12	0	-5124.58	4479.02	0	-9.23614e+20	-1.05351e+21	0	1.024e+26	4.07543e+12	1.89372e+12	0	-2297.34	4923.83	0	-6.12535e+20	-2.83864e+20	0	7.342e+22	-1.22429e+11	9.04142e+10	0	-17671.9	-23997.5	0	2.50811e+20	-4.10832e+20	0	
10	1.9891e+30	8.0356e+08	5.50829e+09	0	1.23778	5.30457	0	3.44813e+23	3.05451e+21	0	3.285e+23	-3.95495e+10	-3.76022e+10	0	34696.1	-32141.2	0	8.54821e+21	9.12934e+21	0	4.867e+24	-5.34186e+10	9.76441e+10	0	-30331.3	-18018.9	0	2.86701e+22	-4.87232e+22	0	5.972e+24	-2.63178e+10	-1.41668e+11	0	29294.3	-5374.39	0	6.22715e+21	3.4863e+22	0	6.39e+23	-4.43595e+10	2.27619e+11	0	-23707.1	-4883.16	0	3.2908e+20	-1.61818e+21	0	1.898e+27	7.77256e+11	-4.41261e+10	0	842.231	13044.2	0	-4.15401e+23	2.65639e+22	0	5.683e+26	-1.13573e+12	9.08406e+11	0	-5966.89	-7423.3	0	2.80513e+22	-2.22801e+22	0	8.681e+25	1.8415e+12	2.20707e+12	0	-5229.53	4356.4	0	-8.98558e+20	-1.07535e+21	0	1.024e+26	4.05216e+12	1.94282e+12	0	-2356.99	4895.74	0	-6.09139e+20	-2.9127e+20	0	7.342e+22	-2.66903e+10	-1.41569e+11	0	29049.5	-6354.48	0	2.70511e+20	3.77375e+20	0	
10	1.9891e+30	8.25057e+08	5.56108e+09	0	3.15658	5.25158	0	4.65939e+23	2.45427e+22	0	3.285e+23	5.16644e+10	-2.31777e+10	0	23393.3	41719.4	0	-1.113e+22	6.29411e+21	0	4.867e+24	6.92741e+10	-7.73555e+10	0	27143.9	22234.9	0	-3.55764e+22	4.31035e+22	0	5.972e+24	1.46212e+11	4.08254e+10	0	-7029.16	28957.7	0	-3.43956e+22	-8.55124e+21	0	6.39e+23	-2.15274e+11	7.22907e+10	0	-7134.72	-23180.6	0	1.58462e+21	-4.89321e+20	0	1.898e+27	7.74722e+11	8.6402e+10	0	-1347.65	13000.1	0	-4.13924e+23	-4.32276e+22	0	5.683e+26	-1.19289e+12	8.32268e+11	0	-5460.96	-7798.75	0	2.94322e+22	-2.03781e+22	0	8.681e+25	1.7887e+12	2.25001e+12	0	-5331.57	4231.3	0	-8.73006e+20	-1.09661e+21	0	1.024e+26	4.0283e+12	1.99163e+12	0	-2416.31	4866.94	0	-6.05654e+20	-2.98632e+20	0	7.342e+22	1.46263e+11	4.04508e+10	0	-6009.37	29102.5	0	-4.51516e+20	1.01174e+20	0	
10	1.9891e+30	8.67762e+08	5.61664e+09	0	5.24492	6.01063	0	3.10409e+23	2.09784e+23	0	3.285e+23	1.58915e+10	6.23074e+10	0	-45943.3	12523.6	0	-3.24984e+21	-1.22551e+22	0	4.867e+24	-7.70445e+10	7.86527e+10	0	-24066	-25843.3	0	4.13304e+22	-3.87473e+22	0	5.972e+24	-9.06458e+10	1.24042e+11	0	-23557.1	-18208.6	0	2.18121e+22	-2.79002e+22	0	6.39e+23	-1.61134e+11	-1.52416e+11	0	16900.1	-17381.8	0	1.18564e+21	1.15652e+21	0	1.898e+27	7.50431e+11	2.14658e+11	0	-3499.01	12590.8	0	-4.00818e+23	-1.11769e+23	0	5.683e+26	-1.24488e+12	7.52545e+11	0	-4931.84	-8139.97	0	3.06855e+22	-1.83928e+22	0	8.681e+25	1.73488e+12	2.29169e+12	0	-5430.64	4103.78	0	-8.46972e+20	-1.11728e+21	0	1.024e+26	4.00384e+12	2.04015e+12	0	-2475.28	4837.42	0	-6.02079e+20	-3.05949e+20	0	7.342e+22	-9.03236e+10	1.24246e+11	0	-24085.1	-17334.5	0	9.52058e+19	-4.52727e+20	0	
10	1.9891e+30	9.27504e+08	5.68049e+09	0	6.78529	6.68898	0	3.63154e+23	1.30805e+23	0	3.285e+23	-5.82104e+10	7.89083e+09	0	-1776.55	-47154	0	1.24433e+22	-4.67051e+20	0	4.867e+24	8.9812e+10	-5.49914e+10	0	19847.6	28900.7	0	-4.60738e+22	3.14552e+22	0	5.972e+24	-7.00387e+10	-1.26083e+11	0	26236.9	-14102.1	0	1.66332e+22	3.12842e+22	0	6.39e+23	6.15949e+10	-2.13004e+11	0	23320.9	6406.52	0	-4.40191e+20	1.58721e+21	0	1.898e+27	7.05072e+11	3.37039e+11	0	-5551.46	11827.9	0	-3.76464e+23	-1.77144e+23	0	5.683e+26	-1.29146e+12	6.69587e+11	0	-4381.83	-8445.6	0	3.18063e+22	-1.63328e+22	0	8.681e+25	1.68009e+12	2.33208e+12	0	-5526.69	3973.91	0	-8.20472e+20	-1.13733e+21	0	1.024e+26	3.97879e+12	2.08838e+12	0	-2533.9	4807.19	0	-5.98413e+20	-3.1322e+20	0	7.342e+22	-7.03432e+10	-1.25844e+11	0	25612	-14888.8	0	3.60695e+20	2.62356e+20	0	
10	1.9891e+30	1.00485e+09	5.75232e+09	0	8.59697	7.81801	0	2.99126e+23	2.63254e+23	0	3.285e+23	1.16609e+10	-5.19604e+10	0	46746.8	8972.48	0	-2.29682e+21	1.24512e+22	0	4.867e+24	-9.42867e+10	5.37746e+10	0	-15832.2	-31593.3	0	5.06708e+22	-2.5539e+22	0	5.972e+24	1.50202e+11	-5.32047e+09	0	2202.17	29721.7	0	-3.53866e+22	2.43484e+21	0	6.39e+23	2.22013e+11	-4.77101e+10	0	5696.05	23457.8	0	-1.59462e+21	3.85968e+20	0	1.898e+27	6.39924e+11	4.50109e+11	0	-7447.41	10733	0	-3.41551e+23	-2.37526e+23	0	5.683e+26	-1.33245e+12	5.83756e+11	0	-3813.29	-8714.38	0	3.27906e+22	-1.42065e+22	0	8.681e+25	1.62436e+12	2.37116e+12	0	-5619.65	3841.78	0	-7.93514e+20	-1.15674e+21	0	1.024e+26	3.95316e+12	2.13629e+12	0	-2592.16	4776.24	0	-5.94654e+20	-3.20444e+20	0	7.342e+22	1.50079e+11	-5.68271e+09	0	3170.27	29406	0	-3.70343e+20	2.22685e+20	0	
10	1.9891e+30	1.09817e+09	5.83719e+09	0	10.0907	9.18257	0	3.18272e+23	3.27686e+23	0	3.285e+23	5.39904e+10	3.05508e+10	0	-20111.1	43411.7	0	-1.15927e+22	-5.41431e+21	0	4.867e+24	1.03399e+11	-2.77809e+10	0	10996.8	33270.6	0	-5.29332e+22	1.73999e+22	0	5.972e+24	-4.96606e+10	1.46621e+11	0	-28008.5	-10096.7	0	1.22104e+22	-3.32794e+22	0	6.39e+23	1.55378e+11	1.7261e+11	0	-17751.1	16374.7	0	-1.1159e+21	-1.20622e+21	0	1.898e+27	5.56823e+11	5.50693e+11	0	-9133.68	9336.77	0	-2.9706e+23	-2.91229e+23	0	5.683e+26	-1.36767e+12	4.95426e+11	0	-3228.66	-8945.23	0	3.36348e+22	-1.20229e+22	0	8.681e+25	1.56771e+12	2.40891e+12	0	-5709.49	3707.44	0	-7.66106e+20	-1.17548e+21	0	1.024e+26	3.92695e+12	2.1839e+12	0	-2650.04	4744.6	0	-5.90803e+20	-3.27622e+20	0	7.342e+22	-4.92851e+10	1.46658e+11	0	-28097.9	-9067.85	0	-5.78347e+19	-4.30373e+20	0	
10	1.9891e+30	1.20539e+09	5.93828e+09	0	11.1893	11.0482	0	1.21142e+23	3.44777e+23	0	3.285e+23	-3.57734e+10	5.19352e+10	0	-37039.7	-29430	0	7.84311e+21	-9.75896e+21	0	4.867e+24	-1.03729e+11	2.50534e+10	0	-6298.47	-34786.1	0	5.58732e+22	-1.01812e+22	0	5.972e+24	-1.06774e+11	-9.76994e+10	0	20646	-21466.4	0	2.54412e+22	2.46823e+22	0	6.39e+23	-6.99069e+10	2.2108e+11	0	-22960.5	-7646.37	0	5.18619e+20	-1.56864e+21	0	1.898e+27	4.58107e+11	6.3597e+11	0	-10563	7678.54	0	-2.44238e+23	-3.36757e+23	0	5.683e+26	-1.39698e+12	4.04981e+11	0	-2630.44	-9137.21	0	3.43357e+22	-9.79083e+21	0	8.681e+25	1.51018e+12	2.4453e+12	0	-5796.14	3570.98	0	-7.38251e+20	-1.19354e+21	0	1.024e+26	3.90016e+12	2.23118e+12	0	-2707.54	4712.26	0	-5.86859e+20	-3.34755e+20	0	7.342e+22	-1.06956e+11	-9.73618e+10	0	19742.1	-21928.5	0	4.09529e+20	1.26042e+20	0	
10	1.9891e+30	1.32122e+09	6.05622e+09	0	12.094	12.5727	0	2.30316e+23	3.56955e+23	0	3.285e+23	-3.58488e+10	-3.9798e+10	0	36929.6	-29583.9	0	7.88315e+21	9.72176e+21	0	4.867e+24	1.08962e+11	2.14984e+09	0	1288.97	35008.9	0	-5.56524e+22	2.02394e+21	0	5.972e+24	1.39915e+11	-5.02909e+10	0	11221.4	27619.3	0	-3.29445e+22	1.32002e+22	0	6.39e+23	-2.21174e+11	4.66788e+10	0	-4331.71	-23853.8	0	1.63138e+21	-2.97795e+20	0	1.898e+27	3.46554e+11	7.03545e+11	0	-11695.3	5804.82	0	-1.84561e+23	-3.72839e+23	0	5.683e+26	-1.42024e+12	3.12814e+11	0	-2021.15	-9289.56	0	3.48908e+22	-7.51945e+21	0	8.681e+25	1.4518e+12	2.48032e+12	0	-5879.55	3432.49	0	-7.09952e+20	-1.21091e+21	0	1.024e+26	3.8728e+12	2.27814e+12	0	-2764.66	4679.22	0	-5.82826e+20	-3.41844e+20	0	7.342e+22	1.3965e+11	-5.05731e+10	0	11957.6	26931.9	0	-2.69928e+20	3.07886e+20	0	
10	1.9891e+30	1.44675e+09	6.1928e+09	0	12.8044	14.7997	0	3.84746e+22	4.28285e+23	0	3.285e+23	5.42276e+10	-1.87689e+10	0	20333.5	43320	0	-1.15637e+22	5.47125e+21	0	4.867e+24	-1.04601e+11	-5.13884e+09	0	3750.85	-35154.7	0	5.64817e+22	6.03235e+21	0	5.972e+24	-3.6738e+09	1.55746e+11	0	-29760.2	-1006.38	0	1.3997e+21	-3.54578e+22	0	6.39e+23	-1.40758e+11	-1.69936e+11	0	18840	-15250.3	0	1.03996e+21	1.28806e+21	0	1.898e+27	2.25299e+11	7.51522e+11	0	-12498.7	3768.16	0	-1.19695e+23	-3.98464e+23	0	5.683e+26	-1.43737e+12	2.19324e+11	0	-1403.4	-9401.66	0	3.52981e+22	-5.21794e+21	0	8.681e+25	1.3926e+12	2.51394e+12	0	-5959.69	3292.03	0	-6.81214e+20	-1.22758e+21	0	1.024e+26	3.84487e+12	2.32476e+12	0	-2821.37	4645.49	0	-5.78705e+20	-3.48889e+20	0	7.342e+22	-3.32165e+09	1.55606e+11	0	-29382.1	-49.8365	0	-1.75169e+20	-3.60389e+20	0	
10	1.9891e+30	1.57547e+09	6.3508e+09	0	12.9736	16.7794	0	4.19351e+22	4.26153e+23	0	3.285e+23	1.24816e+10	6.40052e+10	0	-46693.6	9193.27	0	-2.35623e+21	-1.2445e+22	0	4.867e+24	1.06058e+11	3.24677e+10	0	-8520.77	33985.7	0	-5.40437e+22	-1.35041e+22	0	5.972e+24	-1.33003e+11	-5.91701e+10	0	13062	-26754.7	0	3.18057e+22	1.56943e+22	0	6.39e+23	8.75965e+10	-2.0371e+11	0	22405.6	9119.04	0	-6.23887e+20	1.52367e+21	0	1.898e+27	9.77527e+10	7.78554e+11	0	-12950.6	1625.69	0	-5.14497e+22	-4.12912e+23	0	5.683e+26	-1.44829e+12	1.24916e+11	0	-779.793	-9473.07	0	3.55562e+22	-2.89562e+21	0	8.681e+25	1.33262e+12	2.54615e+12	0	-6036.48	3149.7	0	-6.52049e+20	-1.24355e+21	0	1.024e+26	3.81637e+12	2.37105e+12	0	-2877.68	4611.08	0	-5.74499e+20	-3.5589e+20	0	7.342e+22	-1.33023e+11	-5.87929e+10	0	12030.3	-26784.3	0	4.03083e+20	-1.48848e+19	0	
10	1.9891e+30	1.70494e+09	6.52938e+09	0	12.81	18.901	0	-8.85277e+22	3.72552e+23	0	3.285e+23	-5.74416e+10	4.54927e+09	0	1595.58	-47148.5	0	1.24449e+22	4.14688e+20	0	4.867e+24	-9.68462e+10	-3.43408e+10	0	13493.7	-32665.2	0	5.24337e+22	2.17416e+22	0	5.972e+24	1.16306e+11	-8.96513e+10	0	19156.7	22851.9	0	-2.7309e+22	2.26921e+22	0	6.39e+23	2.27473e+11	-2.05905e+10	0	2900.32	23974.2	0	-1.62892e+21	1.95799e+20	0	1.898e+27	-3.24977e+10	7.83883e+11	0	-13038.2	-562.492	0	1.82691e+22	-4.15773e+23	0	5.683e+26	-1.45296e+12	2.9999e+10	0	-152.964	-9503.5	0	3.56642e+22	-5.61801e+20	0	8.681e+25	1.27188e+12	2.57693e+12	0	-6109.89	3005.56	0	-6.22474e+20	-1.25883e+21	0	1.024e+26	3.78732e+12	2.41698e+12	0	-2933.58	4575.98	0	-5.70209e+20	-3.62846e+20	0	7.342e+22	1.15953e+11	-8.9806e+10	0	19545.6	21918.7	0	-1.53418e+20	3.6015e+20	0	
10	1.9891e+30	1.83183e+09	6.7277e+09	0	12.5915	20.863	0	-5.97661e+22	4.58368e+23	0	3.285e+23	1.66092e+10	-5.00394e+10	0	46008.2	12329	0	-3.19081e+21	1.22657e+22	0	4.867e+24	9.4902e+10	6.0802e+10	0	-17667.1	30277.6	0	-4.82204e+22	-2.80107e+22	0	5.972e+24	4.28583e+10	1.50625e+11	0	-28640.1	8188.4	0	-9.57702e+21	-3.41966e+22	0	6.39e+23	1.35392e+11	1.90455e+11	0	-19557.8	14180.4	0	-9.66922e+20	-1.32973e+21	0	1.898e+27	-1.61788e+11	7.67357e+11	0	-12758.9	-2734.94	0	8.75122e+22	-4.06954e+23	0	5.683e+26	-1.45135e+12	-6.50169e+10	0	474.441	-9492.83	0	3.56216e+22	1.77414e+21	0	8.681e+25	1.21043e+12	2.60626e+12	0	-6179.88	2859.7	0	-5.92511e+20	-1.27341e+21	0	1.024e+26	3.7577e+12	2.46257e+12	0	-2989.05	4540.21	0	-5.65839e+20	-3.69756e+20	0	7.342e+22	4.31178e+10	1.50341e+11	0	-27894.5	8877.32	0	-2.54188e+20	-2.73322e+20	0	
10	1.9891e+30	1.9539e+09	6.94823e+09	0	11.6243	23.1151	0	-2.57734e+23	3.51333e+23	0	3.285e+23	5.29208e+10	3.54479e+10	0	-23187.4	41849.4	0	-1.11636e+22	-6.23998e+21	0	4.867e+24	-8.11049e+10	-6.01453e+10	0	22124.5	-27528.4	0	4.40892e+22	3.56113e+22	0	5.972e+24	-1.46239e+11	-1.41315e+10	0	4216.49	-29462.1	0	3.51164e+22	5.1715e+21	0	6.39e+23	-9.40805e+10	2.1209e+11	0	-21902.4	-10300.7	0	7.00864e+20	-1.49721e+21	0	1.898e+27	-2.86477e+11	7.2944e+11	0	-12120.3	-4830.61	0	1.54339e+23	-3.8669e+23	0	5.683e+26	-1.44348e+12	-1.59721e+11	0	1099.78	-9441.1	0	3.54289e+22	4.10287e+21	0	8.681e+25	1.1483e+12	2.63412e+12	0	-6246.39	2712.21	0	-5.62184e+20	-1.2873e+21	0	1.024e+26	3.72754e+12	2.50779e+12	0	-3044.09	4503.77	0	-5.61388e+20	-3.76617e+20	0	7.342e+22	-1.46085e+11	-1.37885e+10	0	3273.71	-29027.4	0	3.47034e+20	-1.28229e+20	0	
10	1.9891e+30	2.0644e+09	7.18727e+09	0	10.565	24.7196	0	-2.03373e+23	3.70092e+23	0	3.285e+23	-3.81088e+10	5.04538e+10	0	-34828	-31976.1	0	8.5108e+21	-9.16905e+21	0	4.867e+24	7.63655e+10	8.49316e+10	0	-25433.2	24168.4	0	-3.86036e+22	-4.03857e+22	0	5.972e+24	8.16135e+10	-1.19533e+11	0	25238.7	15880	0	-1.90315e+22	2.99979e+22	0	6.39e+23	-2.23678e+11	2.10834e+10	0	-1477.53	-24188.7	0	1.65515e+21	-1.01758e+20	0	1.898e+27	-4.03054e+11	6.71197e+11	0	-11140.1	-6790.5	0	2.16872e+23	-3.55533e+23	0	5.683e+26	-1.42937e+12	-2.53703e+11	0	1720.4	-9348.53	0	3.50867e+22	6.41509e+21	0	8.681e+25	1.08551e+12	2.6605e+12	0	-6309.39	2563.15	0	-5.31519e+20	-1.3005e+21	0	1.024e+26	3.69682e+12	2.55264e+12	0	-3098.69	4466.66	0	-5.56859e+20	-3.83429e+20	0	7.342e+22	8.12339e+10	-1.1953e+11	0	25200.3	14852.4	0	-2.82591e+19	3.68419e+20	0	
10	1.9891e+30	2.16363e+09	7.4436e+09	0	9.15963	26.4797	0	-3.27199e+23	2.78968e+23	0	3.285e+23	-3.16355e+10	-4.09197e+10	0	38963.6	-26866.6	0	7.17712e+21	1.02664e+22	0	4.867e+24	-5.86683e+10	-8.04408e+10	0	28944.5	-20177.7	0	3.21907e+22	4.65013e+22	0	5.972e+24	8.53737e+10	1.31796e+11	0	-24755.3	16595.3	0	-1.96337e+22	-2.96154e+22	0	6.39e+23	-1.18234e+11	-1.84352e+11	0	20500.9	-12900.9	0	8.79454e+20	1.40111e+21	0	1.898e+27	-5.08231e+11	5.94267e+11	0	-9845.69	-8559.37	0	2.73348e+23	-3.14343e+23	0	5.683e+26	-1.40909e+12	-3.46556e+11	0	2333.7	-9215.49	0	3.45965e+22	8.7016e+21	0	8.681e+25	1.02212e+12	2.68538e+12	0	-6368.83	2412.61	0	-5.00537e+20	-1.313e+21	0	1.024e+26	3.66556e+12	2.59712e+12	0	-3152.85	4428.88	0	-5.52252e+20	-3.9019e+20	0	7.342e+22	8.54971e+10	1.3143e+11	0	-23794.9	16909.2	0	-3.06088e+20	-1.76817e+20	0	
10	1.9891e+30	2.24752e+09	7.71548e+09	0	7.58267	27.9278	0	-3.51795e+23	3.04706e+23	0	3.285e+23	5.6693e+10	-1.33369e+10	0	17149.3	44697.3	0	-1.1936e+22	4.61753e+21	0	4.867e+24	5.189e+10	1.02974e+11	0	-31203.8	16120.3	0	-2.58823e+22	-4.96548e+22	0	5.972e+24	-1.45266e+11	3.31071e+10	0	-5038.75	-29327	0	3.50281e+22	-5.87586e+21	0	6.39e+23	1.12403e+11	-1.90831e+11	0	21165.1	11702.4	0	-7.98299e+20	1.43887e+21	0	1.898e+27	-5.9904e+11	5.00813e+11	0	-8273.2	-10087.2	0	3.22168e+23	-2.64262e+23	0	5.683e+26	-1.38273e+12	-4.37879e+11	0	2937.09	-9042.5	0	3.39602e+22	1.09533e+22	0	8.681e+25	9.58149e+11	2.70875e+12	0	-6424.69	2260.68	0	-4.69261e+20	-1.32478e+21	0	1.024e+26	3.63377e+12	2.64121e+12	0	-3206.55	4390.45	0	-5.47566e+20	-3.96897e+20	0	7.342e+22	-1.4497e+11	3.33457e+10	0	-5685.55	-28528.4	0	2.72421e+20	-2.01688e+20	0	
10	1.9891e+30	2.31286e+09	8.00122e+09	0	5.45138	29.0204	0	-3.99994e+23	1.1954e+23	0	3.285e+23	9.0454e+09	6.63198e+10	0	-47216.6	5822.01	0	-1.45326e+21	-1.25699e+22	0	4.867e+24	-3.13767e+10	-9.35749e+10	0	33407.9	-11224.6	0	1.77627e+22	5.35461e+22	0	5.972e+24	3.91213e+10	-1.37036e+11	0	28881.3	7373.94	0	-8.89586e+21	3.44148e+22	0	6.39e+23	2.29687e+11	7.56415e+09	0	53.6816	24160.1	0	-1.64091e+21	3.21613e+18	0	1.898e+27	-6.72914e+11	3.9347e+11	0	-6466.77	-11330.8	0	3.61942e+23	-2.06686e+23	0	5.683e+26	-1.35039e+12	-5.27276e+11	0	3528.01	-8830.27	0	3.31804e+22	1.31613e+22	0	8.681e+25	8.93638e+11	2.73059e+12	0	-6476.93	2107.43	0	-4.3771e+20	-1.33585e+21	0	1.024e+26	3.60144e+12	2.68492e+12	0	-3259.79	4351.36	0	-5.42803e+20	-4.03549e+20	0	7.342e+22	3.8787e+10	-1.36867e+11	0	28391.7	6452.26	0	7.96303e+19	3.29421e+20	0	
10	1.9891e+30	2.35849e+09	8.29454e+09	0	3.70144	29.7592	0	-3.95283e+23	2.07092e+23	0	3.285e+23	-5.64982e+10	2.13339e+09	0	4944.64	-46905.9	0	1.23848e+22	1.2945e+21	0	4.867e+24	2.34023e+10	1.13492e+11	0	-34506.4	6760.26	0	-1.10161e+22	-5.5046e+22	0	5.972e+24	1.19714e+11	1.01089e+11	0	-18482	23403.9	0	-2.78026e+22	-2.21667e+22	0	6.39e+23	1.13313e+11	2.0642e+11	0	-21104.8	11787.4	0	-8.0398e+20	-1.43536e+21	0	1.898e+27	-7.27764e+11	2.75263e+11	0	-4477.17	-12254.8	0	3.91531e+23	-1.43228e+23	0	5.683e+26	-1.31222e+12	-6.14357e+11	0	4103.97	-8579.63	0	3.22602e+22	1.53168e+22	0	8.681e+25	8.28622e+11	2.75089e+12	0	-6525.52	1952.94	0	-4.05901e+20	-1.34618e+21	0	1.024e+26	3.56857e+12	2.72824e+12	0	-3312.57	4311.63	0	-5.37961e+20	-4.10145e+20	0	7.342e+22	1.19682e+11	1.00708e+11	0	-17465.5	23291.1	0	-3.26112e+20	-7.0861e+19	0	
10	1.9891e+30	2.38412e+09	8.59625e+09	0	1.33529	30.4061	0	-4.70934e+23	9.80716e+21	0	3.285e+23	2.12046e+10	-4.69308e+10	0	45014.9	15622.6	0	-4.07054e+21	1.20157e+22	0	4.867e+24	-1.45604e+09	-9.84943e+10	0	35172.5	-1405.98	0	2.01902e+21	5.62298e+22	0	5.972e+24	-1.30232e+11	7.79997e+10	0	-13808.2	-26362.5	0	3.15414e+22	-1.6362e+22	0	6.39e+23	-1.17225e+11	2.00884e+11	0	-20542.1	-12815.3	0	8.73493e+20	-1.40469e+21	0	1.898e+27	-7.62033e+11	1.49528e+11	0	-2360.46	-12832.9	0	4.10079e+23	-7.56744e+22	0	5.683e+26	-1.26837e+12	-6.98744e+11	0	4662.53	-8291.59	0	3.12035e+22	1.74112e+22	0	8.681e+25	7.6314e+11	2.76964e+12	0	-6570.44	1797.31	0	-3.73853e+20	-1.35577e+21	0	1.024e+26	3.53519e+12	2.77115e+12	0	-3364.86	4271.26	0	-5.33041e+20	-4.16683e+20	0	7.342e+22	-1.29858e+11	7.80921e+10	0	-14050.3	-25376.2	0	1.95168e+20	-2.50317e+20	0	
10	1.9891e+30	2.38645e+09	8.90057e+09	0	-0.853989	30.4575	0	-4.44291e+23	1.55409e+22	0	3.285e+23	5.11607e+10	4.10371e+10	0	-26153.4	40061.2	0	-1.06749e+22	-7.03099e+21	0	4.867e+24	-6.85789e+09	1.15634e+11	0	-35063.4	-3179.21	0	4.85269e+21	-5.60839e+22	0	5.972e+24	-7.09697e+09	-1.40452e+11	0	29732.8	-1842.18	0	2.12191e+21	3.54957e+22	0	6.39e+23	-2.23396e+11	-4.10231e+09	0	1389.32	-24191.4	0	1.65553e+21	9.53249e+19	0	1.898e+27	-7.74747e+11	1.98154e+10	0	-176.371	-13048.4	0	4.17041e+23	-5.93331e+21	0	5.683e+26	-1.21903e+12	-7.80068e+11	0	5201.33	-7967.29	0	3.00147e+22	1.94361e+22	0	8.681e+25	6.97226e+11	2.78683e+12	0	-6611.65	1640.62	0	-3.41583e+20	-1.36461e+21	0	1.024e+26	3.50128e+12	2.81366e+12	0	-3416.67	4230.25	0	-5.28043e+20	-4.23162e+20	0	7.342e+22	-7.31716e+09	-1.40148e+11	0	28886.3	-2449.08	0	1.49752e+20	2.67944e+20	0	
10	1.9891e+30	2.36616e+09	9.20406e+09	0	-3.1396	30.1063	0	-4.02547e+23	-1.18427e+23	0	3.285e+23	-4.07968e+10	4.95194e+10	0	-32454.9	-34365.6	0	9.13457e+21	-8.53476e+21	0	4.867e+24	2.86865e+10	-9.48264e+10	0	34115.9	8487.4	0	-1.37599e+22	5.43965e+22	0	5.972e+24	1.42539e+11	6.14741e+10	0	-10420.5	27953.9	0	-3.32965e+22	-1.25557e+22	0	6.39e+23	-9.44857e+10	-1.9557e+11	0	21866.5	-10381.1	0	7.06679e+20	1.49446e+21	0	1.898e+27	-7.65541e+11	-1.10209e+11	0	2013.33	-12895	0	4.12201e+23	6.40175e+22	0	5.683e+26	-1.16442e+12	-8.57973e+11	0	5718.09	-7608.04	0	2.86989e+22	2.1383e+22	0	8.681e+25	6.30919e+11	2.80245e+12	0	-6649.13	1482.95	0	-3.09108e+20	-1.37269e+21	0	1.024e+26	3.46685e+12	2.85576e+12	0	-3467.99	4188.61	0	-5.22967e+20	-4.2958e+20	0	7.342e+22	1.42351e+11	6.11491e+10	0	-9531.45	27408.6	0	-3.05869e+20	2.78667e+19	0	
10	1.9891e+30	2.32519e+09	9.50274e+09	0	-5.12652	29.6999	0	-4.73194e+23	-8.755e+22	0	3.285e+23	-2.79311e+10	-4.11238e+10	0	40789.5	-24019.3	0	6.43308e+21	1.07604e+22	0	4.867e+24	-3.64656e+10	1.09209e+11	0	-32805	-12903.6	0	2.04621e+22	-5.2609e+22	0	5.972e+24	-1.02602e+11	1.16239e+11	0	-21249	-20853.2	0	2.50021e+22	-2.52723e+22	0	6.39e+23	1.35127e+11	-1.74773e+11	0	19621.2	14110.5	0	-9.61376e+20	1.33389e+21	0	1.898e+27	-7.34669e+11	-2.36868e+11	0	4146.63	-12376.9	0	3.9568e+23	1.32188e+23	0	5.683e+26	-1.10475e+12	-9.32116e+11	0	6210.61	-7215.27	0	2.72615e+22	2.32433e+22	0	8.681e+25	5.64256e+11	2.81649e+12	0	-6682.86	1324.39	0	-2.76444e+20	-1.38001e+21	0	1.024e+26	3.43192e+12	2.89743e+12	0	-3518.81	4146.35	0	-5.17812e+20	-4.35937e+20	0	7.342e+22	-1.02223e+11	1.16174e+11	0	-21060.2	-19852.6	0	1.10853e+20	-2.78398e+20	0	
10	1.9891e+30	2.26179e+09	9.79551e+09	0	-7.47153	28.6394	0	-3.6383e+23	-3.04966e+23	0	3.285e+23	5.80849e+10	-7.23696e+09	0	13863.6	45828	0	-1.22446e+22	3.73813e+21	0	4.867e+24	5.66364e+10	-8.28824e+10	0	30346.2	17663.6	0	-2.83161e+22	4.82678e+22	0	5.972e+24	-5.25916e+10	-1.29453e+11	0	27716.3	-10878.7	0	1.29386e+22	3.31283e+22	0	6.39e+23	2.28116e+11	3.60132e+10	0	-2799.24	23998.2	0	-1.63002e+21	-1.89214e+20	0	1.898e+27	-6.82998e+11	-3.56579e+11	0	6163.04	-11508.6	0	3.67936e+23	1.96634e+23	0	5.683e+26	-1.04029e+12	-1.00217e+12	0	6676.81	-6790.6	0	2.57085e+22	2.50078e+22	0	8.681e+25	4.97274e+11	2.82894e+12	0	-6712.81	1165.04	0	-2.43609e+20	-1.38655e+21	0	1.024e+26	3.39648e+12	2.93868e+12	0	-3569.12	4103.47	0	-5.12579e+20	-4.42231e+20	0	7.342e+22	-5.26558e+10	-1.29076e+11	0	26704.7	-11054.4	0	1.94381e+20	2.08404e+20	0	
10	1.9891e+30	2.17884e+09	1.00752e+10	0	-9.10366	27.3638	0	-3.50609e+23	-2.19751e+23	0	3.285e+23	4.7036e+09	6.87569e+10	0	-47500.9	2412.11	0	-5.45466e+20	-1.26289e+22	0	4.867e+24	-6.30292e+10	9.47226e+10	0	-27892.4	-21622.9	0	3.45314e+22	-4.48336e+22	0	5.972e+24	1.51631e+11	1.67834e+10	0	-1351.27	29801.6	0	-3.55653e+22	-1.70244e+21	0	6.39e+23	8.90039e+10	2.19803e+11	0	-22365.6	9218.8	0	-6.2985e+20	-1.52124e+21	0	1.898e+27	-6.11988e+11	-4.65954e+11	0	8005.36	-10314.7	0	3.29751e+23	2.55515e+23	0	5.683e+26	-9.7131e+11	-1.06783e+12	0	7114.71	-6335.8	0	2.40452e+22	2.66669e+22	0	8.681e+25	4.30012e+11	2.83979e+12	0	-6738.97	1004.98	0	-2.1062e+20	-1.3923e+21	0	1.024e+26	3.36054e+12	2.9795e+12	0	-3618.92	4059.98	0	-5.07269e+20	-4.48462e+20	0	7.342e+22	1.51319e+11	1.65804e+10	0	-788.116	28912.9	0	-2.59974e+20	9.58854e+19	0	
10	1.9891e+30	2.07884e+09	1.03417e+10	0	-10.8195	25.8492	0	-2.92628e+23	-3.40744e+23	0	3.285e+23	-5.61901e+10	2.9276e+07	0	8264.47	-46441.2	0	1.22637e+22	2.16837e+21	0	4.867e+24	8.01968e+10	-6.36086e+10	0	24182.5	25409.5	0	-4.05488e+22	3.8389e+22	0	5.972e+24	-6.5035e+10	1.44113e+11	0	-26641	-13331.3	0	1.60398e+22	-3.17522e+22	0	6.39e+23	-1.3944e+11	1.87049e+11	0	-18896.6	-15162.1	0	1.03456e+21	-1.29202e+21	0	1.898e+27	-5.23646e+11	-5.61898e+11	0	9621.32	-8828.9	0	2.82216e+23	3.07148e+23	0	5.683e+26	-8.98098e+11	-1.12879e+12	0	7522.41	-5852.8	0	2.22763e+22	2.82111e+22	0	8.681e+25	3.62508e+11	2.84903e+12	0	-6761.33	844.301	0	-1.77494e+20	-1.39727e+21	0	1.024e+26	3.3241e+12	3.01988e+12	0	-3668.2	4015.88	0	-5.0188e+20	-4.54628e+20	0	7.342e+22	-6.47215e+10	1.43902e+11	0	-26040.4	-12486.3	0	2.57843e+19	-2.76411e+20	0	
10	1.9891e+30	1.96371e+09	1.0592e+10	0	-12.2601	24.1982	0	-3.11751e+23	-3.84182e+23	0	3.285e+23	2.47294e+10	-4.3407e+10	0	43783.5	18824	0	-4.93131e+21	1.17019e+22	0	4.867e+24	-8.43907e+10	7.33457e+10	0	-20704.7	-28619.2	0	4.58655e+22	-3.33364e+22	0	5.972e+24	-9.29731e+10	-1.05118e+11	0	23025.4	-18864.3	0	2.24976e+22	2.75477e+22	0	6.39e+23	-2.20697e+11	-2.91179e+10	0	4236.38	-23859.9	0	1.63248e+21	2.90916e+20	0	1.898e+27	-4.2047e+11	-6.41698e+11	0	10965.1	-7093.46	0	2.26694e+23	3.50061e+23	0	5.683e+26	-8.20969e+11	-1.1848e+12	0	7898.08	-5343.7	0	2.04057e+22	2.96322e+22	0	8.681e+25	2.94799e+11	2.85667e+12	0	-6779.86	683.095	0	-1.44249e+20	-1.40145e+21	0	1.024e+26	3.28718e+12	3.05982e+12	0	-3716.94	3971.19	0	-4.96415e+20	-4.6073e+20	0	7.342e+22	-9.28757e+10	-1.04746e+11	0	22041.5	-18601.4	0	2.27649e+20	1.46798e+20	0	
10	1.9891e+30	1.83449e+09	1.0823e+10	0	-13.3791	21.9089	0	-8.88842e+22	-4.40902e+23	0	3.285e+23	4.81592e+10	4.64279e+10	0	-28979.8	38048.6	0	-1.013e+22	-7.78331e+21	0	4.867e+24	9.7507e+10	-3.85345e+10	0	16121.8	31124.4	0	-4.95432e+22	2.55628e+22	0	5.972e+24	1.46132e+11	-2.86899e+10	0	7851.47	28769.2	0	-3.43682e+22	9.33319e+21	0	6.39e+23	-7.01237e+10	-2.04024e+11	0	22929.4	-7729.09	0	5.24694e+20	1.56658e+21	0	1.898e+27	-3.05378e+11	-7.03098e+11	0	11998.9	-5157.64	0	1.64781e+23	3.83032e+23	0	5.683e+26	-7.40249e+11	-1.23559e+12	0	8239.97	-4810.71	0	1.84381e+22	3.09249e+22	0	8.681e+25	2.26923e+11	2.8627e+12	0	-6794.56	521.454	0	-1.10902e+20	-1.40483e+21	0	1.024e+26	3.24977e+12	3.0993e+12	0	-3765.15	3925.9	0	-4.90872e+20	-4.66767e+20	0	7.342e+22	1.45757e+11	-2.87295e+10	0	7964.48	27733.9	0	-2.16761e+20	1.37478e+20	0	
10	1.9891e+30	1.69827e+09	1.10324e+10	0	-13.9429	20.0373	0	-1.81615e+23	-3.74217e+23	0	3.285e+23	-4.42345e+10	4.81928e+10	0	-29916.7	-36592.7	0	9.71117e+21	-7.85918e+21	0	4.867e+24	-9.88005e+10	4.6823e+10	0	-11822.5	-33307.5	0	5.34792e+22	-1.90506e+22	0	5.972e+24	-2.11281e+10	1.58924e+11	0	-29463.6	-4520.49	0	5.50424e+21	-3.51742e+22	0	6.39e+23	1.55323e+11	-1.56365e+11	0	17811.3	16311.1	0	-1.11115e+21	1.21056e+21	0	1.898e+27	-1.81624e+11	-7.44366e+11	0	12693.4	-3076.4	0	9.82531e+22	4.05134e+23	0	5.683e+26	-6.56287e+11	-1.28094e+12	0	8546.44	-4256.14	0	1.63804e+22	3.20858e+22	0	8.681e+25	1.5892e+11	2.8671e+12	0	-6805.41	359.471	0	-7.74717e+19	-1.4074e+21	0	1.024e+26	3.21188e+12	3.13833e+12	0	-3812.81	3880.02	0	-4.85254e+20	-4.72737e+20	0	7.342e+22	-2.09427e+10	1.58602e+11	0	-28540.7	-4009.82	0	-3.91618e+19	-2.48676e+20	0	
10	1.9891e+30	1.55517e+09	1.12215e+10	0	-14.5262	17.7064	0	-2.22608e+22	-4.8798e+23	0	3.285e+23	-2.50021e+10	-4.14107e+10	0	42414.9	-21060.1	0	5.65438e+21	1.12015e+22	0	4.867e+24	1.07216e+11	-9.63977e+09	0	6803.52	34371	0	-5.46467e+22	1.07918e+22	0	5.972e+24	-1.24303e+11	-6.98036e+10	0	16115.8	-25026.2	0	2.9878e+22	1.9308e+22	0	6.39e+23	2.22782e+11	6.3768e+10	0	-5607.77	23490.2	0	-1.59636e+21	-3.79241e+20	0	1.898e+27	-5.27059e+10	-7.64338e+11	0	13029.4	-908.762	0	2.90107e+22	4.15754e+23	0	5.683e+26	-5.69444e+11	-1.32065e+12	0	8815.96	-3682.32	0	1.42417e+22	3.31122e+22	0	8.681e+25	9.08279e+10	2.86988e+12	0	-6812.4	197.237	0	-4.39759e+19	-1.40917e+21	0	1.024e+26	3.17351e+12	3.1769e+12	0	-3859.93	3833.57	0	-4.79561e+20	-4.78642e+20	0	7.342e+22	-1.24066e+11	-6.95047e+10	0	15322.3	-24372.4	0	2.4271e+20	7.91586e+19	0	
10	1.9891e+30	1.40994e+09	1.13873e+10	0	-14.5277	15.4677	0	1.56499e+22	-4.64452e+23	0	3.285e+23	5.83163e+10	-1.53608e+09	0	10511.5	46704.3	0	-1.24876e+22	2.838e+21	0	4.867e+24	-1.05079e+11	1.72948e+10	0	-1965.21	-35297.9	0	5.67139e+22	-3.151e+21	0	5.972e+24	1.26612e+11	-7.0526e+10	0	16295.6	24958.7	0	-2.98242e+22	1.94551e+22	0	6.39e+23	6.29413e+10	2.29805e+11	0	-23305.7	6509.35	0	-4.46744e+20	-1.58576e+21	0	1.898e+27	7.77374e+10	-7.62457e+11	0	12997.8	1283.9	0	-4.09757e+22	4.14616e+23	0	5.683e+26	-4.80095e+11	-1.35453e+12	0	9047.22	-3091.64	0	1.20325e+22	3.40006e+22	0	8.681e+25	2.2685e+10	2.87104e+12	0	-6815.54	34.8448	0	-1.04328e+19	-1.41014e+21	0	1.024e+26	3.13468e+12	3.215e+12	0	-3906.48	3786.54	0	-4.73794e+20	-4.8448e+20	0	7.342e+22	1.26251e+11	-7.03995e+10	0	15961.2	23989.7	0	-1.77796e+20	1.73842e+20	0	
10	1.9891e+30	1.26626e+09	1.15301e+10	0	-14.0513	13.1526	0	1.60025e+23	-3.80653e+23	0	3.285e+23	-4.30532e+08	7.02718e+10	0	-47530.1	-1017.51	0	3.6259e+20	-1.26225e+22	0	4.867e+24	1.08574e+11	2.08073e+10	0	-3044.47	34902.7	0	-5.54877e+22	-4.79459e+21	0	5.972e+24	2.49376e+10	1.59276e+11	0	-29438.6	4732.97	0	-5.59318e+21	-3.51756e+22	0	6.39e+23	-1.60129e+11	1.70179e+11	0	-16978.2	-17307.3	0	1.18115e+21	-1.16115e+21	0	1.898e+27	2.06027e+11	-7.38782e+11	0	12599.8	3439.66	0	-1.09727e+23	4.01781e+23	0	5.683e+26	-3.88631e+11	-1.38243e+12	0	9239.07	-2486.58	0	9.76328e+21	3.47469e+22	0	8.681e+25	-4.547e+10	2.87058e+12	0	-6814.81	-127.611	0	2.31394e+19	-1.41029e+21	0	1.024e+26	3.09538e+12	3.25263e+12	0	-3952.46	3738.95	0	-4.67953e+20	-4.90252e+20	0	7.342e+22	2.49551e+10	1.58905e+11	0	-28385.5	4783.99	0	-7.92376e+19	-2.20946e+20	0	
10	1.9891e+30	1.1288e+09	1.16526e+10	0	-13.5315	11.3028	0	6.471e+22	-4.36829e+23	0	3.285e+23	-5.62578e+10	-2.75738e+09	0	11554.6	-45752.5	0	1.20821e+22	3.03172e+21	0	4.867e+24	-1.02696e+11	-1.28085e+10	0	8054.92	-34418.9	0	5.52735e+22	1.30174e+22	0	5.972e+24	-1.4352e+11	-2.68615e+10	0	7653.08	-28774.1	0	3.43804e+22	9.19424e+21	0	6.39e+23	-2.15254e+11	-5.42289e+10	0	7031.24	-23200.2	0	1.5863e+21	4.82821e+20	0	1.898e+27	3.2855e+11	-6.93989e+11	0	11847.1	5497.76	0	-1.75307e+23	3.77642e+23	0	5.683e+26	-2.95449e+11	-1.40422e+12	0	9390.53	-1869.66	0	7.44446e+21	3.53467e+22	0	8.681e+25	-1.13598e+11	2.86849e+12	0	-6810.21	-290.039	0	5.67223e+19	-1.40964e+21	0	1.024e+26	3.05563e+12	3.28978e+12	0	-3997.87	3690.79	0	-4.62041e+20	-4.95957e+20	0	7.342e+22	-1.43184e+11	-2.66954e+10	0	7203.99	-27826.5	0	2.35285e+20	1.96601e+19	0	
10	1.9891e+30	9.97435e+08	1.17538e+10	0	-12.5319	8.9924	0	3.11132e+23	-3.97611e+23	0	3.285e+23	2.75915e+10	-4.04361e+10	0	42335.3	21923.6	0	-5.76877e+21	1.13256e+22	0	4.867e+24	1.01488e+11	5.04224e+10	0	-12652.5	32681.2	0	-5.20127e+22	-2.00118e+22	0	5.972e+24	9.50154e+10	-1.04641e+11	0	23166.3	18741.6	0	-2.23947e+22	2.76837e+22	0	6.39e+23	-4.5074e+10	-2.1017e+11	0	23676.6	-4973.86	0	3.35831e+20	1.61663e+21	0	1.898e+27	4.41858e+11	-6.29346e+11	0	10761.3	7400.39	0	-2.35882e+23	3.42906e+23	0	5.683e+26	-2.00957e+11	-1.41979e+12	0	9500.82	-1243.52	0	5.08612e+21	3.57957e+22	0	8.681e+25	-1.81661e+11	2.86478e+12	0	-6801.74	-452.344	0	9.02977e+19	-1.40818e+21	0	1.024e+26	3.01543e+12	3.32644e+12	0	-4042.7	3642.08	0	-4.56059e+20	-5.01595e+20	0	7.342e+22	9.47354e+10	-1.04377e+11	0	22461.1	18001.6	0	-1.3052e+20	2.04679e+20	0	
10	1.9891e+30	8.79433e+08	1.18354e+10	0	-11.133	7.36622	0	2.65145e+23	-3.21465e+23	0	3.285e+23	4.45113e+10	5.07211e+10	0	-31637.1	35832.6	0	-9.5323e+21	-8.49269e+21	0	4.867e+24	-9.18421e+10	-4.10068e+10	0	17411.5	-30744.6	0	4.92886e+22	2.80843e+22	0	5.972e+24	6.8755e+10	1.4518e+11	0	-26566.9	13531.8	0	-1.61465e+22	-3.17461e+22	0	6.39e+23	1.73159e+11	-1.36352e+11	0	15767.6	18284.1	0	-1.24518e+21	1.07104e+21	0	1.898e+27	5.42767e+11	-5.46678e+11	0	9373.28	9094.23	0	-2.89765e+23	2.98574e+23	0	5.683e+26	-1.05571e+11	-1.42907e+12	0	9569.35	-610.821	0	2.69835e+21	3.60905e+22	0	8.681e+25	-2.4962e+11	2.85945e+12	0	-6789.4	-614.435	0	1.23847e+20	-1.4059e+21	0	1.024e+26	2.97478e+12	3.36262e+12	0	-4086.94	3592.82	0	-4.50007e+20	-5.07166e+20	0	7.342e+22	6.86036e+10	1.44833e+11	0	-25611.8	13127.8	0	-1.16935e+20	-2.02999e+20	0	
10	1.9891e+30	7.75592e+08	1.19009e+10	0	-9.538	5.82108	0	3.35455e+23	-2.3694e+23	0	3.285e+23	-4.76943e+10	4.57178e+10	0	-27213.8	-38635.9	0	1.02382e+22	-7.14551e+21	0	4.867e+24	8.65084e+10	7.69215e+10	0	-21277.4	27873.5	0	-4.44659e+22	-3.37202e+22	0	5.972e+24	-1.48709e+11	1.96175e+10	0	-1546.85	-29744.6	0	3.55514e+22	-1.82826e+21	0	6.39e+23	2.14277e+11	9.00892e+10	0	-8328.27	22657.8	0	-1.54075e+21	-5.64398e+20	0	1.898e+27	6.28446e+11	-4.48315e+11	0	7722.31	10531.9	0	-3.35466e+23	2.45907e+23	0	5.683e+26	-9.71105e+09	-1.432e+12	0	9595.67	25.6826	0	2.91384e+20	3.62281e+22	0	8.681e+25	-3.17436e+11	2.85249e+12	0	-6773.21	-776.217	0	1.57352e+20	-1.40283e+21	0	1.024e+26	2.93369e+12	3.3983e+12	0	-4130.59	3543.03	0	-4.43888e+20	-5.12669e+20	0	7.342e+22	-1.48339e+11	1.9614e+10	0	-1535.07	-28685	0	2.23315e+20	-2.04717e+19	0	
10	1.9891e+30	6.88177e+08	1.19531e+10	0	-7.96015	4.56749	0	3.43092e+23	-3.04875e+23	0	3.285e+23	-2.20352e+10	-4.24146e+10	0	43841.7	-17990.9	0	4.84523e+21	1.15873e+22	0	4.867e+24	-7.3411e+10	-6.49793e+10	0	25337.7	-24585.6	0	3.9289e+22	4.07844e+22	0	5.972e+24	5.44428e+10	-1.27693e+11	0	27799.9	10716.6	0	-1.27944e+22	3.32325e+22	0	6.39e+23	3.60434e+10	2.36054e+11	0	-23906.7	3706.73	0	-2.56789e+20	-1.62803e+21	0	1.898e+27	6.96491e+11	-3.37027e+11	0	5854.94	11673.4	0	-3.71725e+23	1.8639e+23	0	5.683e+26	8.62005e+10	-1.42855e+12	0	9579.55	663.21	0	-2.12437e+21	3.62066e+22	0	8.681e+25	-3.85071e+11	2.84392e+12	0	-6753.15	-937.598	0	1.90795e+20	-1.39894e+21	0	1.024e+26	2.89217e+12	3.43348e+12	0	-4173.64	3492.7	0	-4.37704e+20	-5.18104e+20	0	7.342e+22	5.42987e+10	-1.27343e+11	0	26835.6	10335	0	-7.96205e+19	2.19604e+20	0	
10	1.9891e+30	6.19258e+08	1.19924e+10	0	-5.72112	3.47336	0	4.72322e+23	-8.64414e+22	0	3.285e+23	5.83101e+10	3.24651e+09	0	7118.07	47335.4	0	-1.26634e+22	1.92188e+21	0	4.867e+24	6.48049e+10	9.8221e+10	0	-28236.8	20844.9	0	-3.3388e+22	-4.48509e+22	0	5.972e+24	1.0615e+11	1.18053e+11	0	-21128	21028.5	0	-2.51278e+22	-2.52379e+22	0	6.39e+23	-1.78374e+11	1.504e+11	0	-14806.6	-19205.3	0	1.31086e+21	-1.01365e+21	0	1.898e+27	7.44997e+11	-2.15941e+11	0	3823.64	12486.9	0	-3.97547e+23	1.21693e+23	0	5.683e+26	1.81738e+11	-1.41874e+12	0	9520.92	1298.95	0	-4.53831e+21	3.60246e+22	0	8.681e+25	-4.52487e+11	2.83374e+12	0	-6729.25	-1098.49	0	2.24157e+20	-1.39426e+21	0	1.024e+26	2.85022e+12	3.46815e+12	0	-4216.08	3441.84	0	-4.31455e+20	-5.23469e+20	0	7.342e+22	1.05864e+11	1.17796e+11	0	-20440.6	20271.6	0	-1.61181e+20	-1.77818e+20	0	
10	1.9891e+30	5.72002e+08	1.20256e+10	0	-3.82733	3.11024	0	3.56907e+23	-1.12852e+23	0	3.285e+23	-5.33801e+09	7.05236e+10	0	-47299.5	-4432.74	0	1.26605e+21	-1.25513e+22	0	4.867e+24	-4.89231e+10	-8.27643e+10	0	31192.6	-16461.3	0	2.6157e+22	5.00845e+22	0	5.972e+24	-1.39333e+11	6.52181e+10	0	-10596.3	-27842	0	3.32639e+22	-1.26746e+22	0	6.39e+23	-2.06471e+11	-7.9056e+10	0	9737.58	-22212.4	0	1.51777e+21	6.67607e+20	0	1.898e+27	7.72607e+11	-8.84589e+10	0	1685.4	12949.8	0	-4.12228e+23	5.36209e+22	0	5.683e+26	2.76478e+11	-1.40259e+12	0	9419.91	1930.07	0	-6.93967e+21	3.56817e+22	0	8.681e+25	-5.19644e+11	2.82196e+12	0	-6701.52	-1258.79	0	2.57419e+20	-1.38878e+21	0	1.024e+26	2.80785e+12	3.50231e+12	0	-4257.9	3390.46	0	-4.25143e+20	-5.28764e+20	0	7.342e+22	-1.39001e+11	6.50454e+10	0	-10125.5	-26904.3	0	2.2336e+20	-5.87455e+19	0	
10	1.9891e+30	5.44019e+08	1.20539e+10	0	-1.68093	2.68735	0	4.34421e+23	-6.1243e+21	0	3.285e+23	-5.56709e+10	-6.38057e+09	0	14801.8	-44825.8	0	1.18403e+22	3.88065e+21	0	4.867e+24	3.8085e+10	1.1264e+11	0	-32973.4	12136.4	0	-1.96014e+22	-5.25124e+22	0	5.972e+24	8.85644e+09	-1.37366e+11	0	29748.3	1662.73	0	-1.94952e+21	3.55564e+22	0	6.39e+23	-1.89689e+10	-2.13831e+11	0	24102.1	-2147.37	0	1.42187e+20	1.64414e+21	0	1.898e+27	7.78548e+11	4.1842e+10	0	-499.891	13049.3	0	-4.15369e+23	-1.59318e+22	0	5.683e+26	3.69996e+11	-1.38016e+12	0	9276.83	2553.74	0	-9.31759e+21	3.51781e+22	0	8.681e+25	-5.86504e+11	2.80857e+12	0	-6669.95	-1418.41	0	2.90564e+20	-1.3825e+21	0	1.024e+26	2.76506e+12	3.53596e+12	0	-4299.11	3338.57	0	-4.1877e+20	-5.33986e+20	0	7.342e+22	8.88116e+09	-1.36995e+11	0	28695.9	1737.53	0	-3.85592e+19	2.2576e+20	0	
10	1.9891e+30	5.37743e+08	1.2081e+10	0	0.409948	2.72896	0	4.47451e+23	1.77961e+21	0	3.285e+23	3.0821e+10	-3.80272e+10	0	40678	24922.1	0	-6.57832e+21	1.08889e+22	0	4.867e+24	-2.0351e+10	-9.29372e+10	0	34517.8	-7037.64	0	1.09983e+22	5.52707e+22	0	5.972e+24	1.33529e+11	8.06128e+10	0	-13647.6	26498.7	0	-3.16735e+22	-1.62847e+22	0	6.39e+23	1.89084e+11	-1.14857e+11	0	13511.5	20006.8	0	-1.36185e+21	9.17104e+20	0	1.898e+27	7.62655e+11	1.71306e+11	0	-2671.08	12782.7	0	-4.06886e+23	-8.50331e+22	0	5.683e+26	4.61876e+11	-1.35155e+12	0	9092.2	3167.14	0	-1.16611e+22	3.4515e+22	0	8.681e+25	-6.5303e+11	2.79359e+12	0	-6634.58	-1577.27	0	3.23574e+20	-1.37544e+21	0	1.024e+26	2.72187e+12	3.56908e+12	0	-4339.69	3286.17	0	-4.12337e+20	-5.39133e+20	0	7.342e+22	1.33165e+11	8.04944e+10	0	-13336.3	25521.4	0	-1.99121e+20	-1.39024e+20	0	
10	1.9891e+30	5.53465e+08	1.21103e+10	0	2.68067	3.28976	0	3.87554e+23	2.08323e+23	0	3.285e+23	4.12646e+10	5.40732e+10	0	-34113.9	33441.1	0	-8.88487e+21	-9.15508e+21	0	4.867e+24	8.46288e+09	1.19035e+11	0	-35095.4	2427.42	0	-4.14896e+21	-5.60519e+22	0	5.972e+24	-1.16281e+11	1.05659e+11	0	-18624.6	-23247.3	0	2.77477e+22	-2.22808e+22	0	6.39e+23	2.03349e+11	1.14829e+11	0	-10929.7	21522.3	0	-1.46415e+21	-7.41621e+20	0	1.898e+27	7.25376e+11	2.96299e+11	0	-4767.4	12157.4	0	-3.87015e+23	-1.51764e+23	0	5.683e+26	5.51704e+11	-1.31686e+12	0	8866.71	3767.49	0	-1.39594e+22	3.36944e+22	0	8.681e+25	-7.19183e+11	2.77703e+12	0	-6595.41	-1735.27	0	3.56429e+20	-1.36759e+21	0	1.024e+26	2.67827e+12	3.60168e+12	0	-4379.64	3233.27	0	-4.05843e+20	-5.44203e+20	0	7.342e+22	-1.1605e+11	1.05355e+11	0	-17815.3	-22611.8	0	2.19911e+20	-1.13031e+20	0	
10	1.9891e+30	5.88453e+08	1.21474e+10	0	4.31636	4.02454	0	3.57698e+23	1.00861e+23	0	3.285e+23	-5.01732e+10	4.24479e+10	0	-24365.6	-40469.4	0	1.07135e+22	-6.39733e+21	0	4.867e+24	9.98843e+09	-9.46683e+10	0	35061.8	2913.48	0	-4.92205e+21	5.59773e+22	0	5.972e+24	-3.7356e+10	-1.32621e+11	0	28826.3	-7546.96	0	9.08633e+21	3.44218e+22	0	6.39e+23	9.22144e+09	2.38791e+11	0	-24171.2	859.957	0	-6.26299e+19	-1.64779e+21	0	1.898e+27	6.67753e+11	4.13315e+11	0	-6730.15	11190.9	0	-3.56303e+23	-2.14267e+23	0	5.683e+26	6.39077e+11	-1.27625e+12	0	8601.26	4352.03	0	-1.62014e+22	3.27191e+22	0	8.681e+25	-7.84926e+11	2.75889e+12	0	-6552.47	-1892.32	0	3.8911e+20	-1.35898e+21	0	1.024e+26	2.63428e+12	3.63374e+12	0	-4418.96	3179.88	0	-3.99289e+20	-5.49194e+20	0	7.342e+22	-3.71646e+10	-1.32303e+11	0	27913.8	-7015.21	0	1.20837e+18	2.41341e+20	0	
10	1.9891e+30	6.41867e+08	1.21916e+10	0	6.35325	5.01053	0	3.52128e+23	2.91022e+23	0	3.285e+23	-1.81322e+10	-4.36334e+10	0	45053.5	-14811.8	0	4.00925e+21	1.19151e+22	0	4.867e+24	-2.16983e+10	1.16898e+11	0	-34414.5	-7512.1	0	1.17591e+22	-5.51264e+22	0	5.972e+24	1.48245e+11	3.6589e+10	0	-4849.83	29411.7	0	-3.5151e+22	-5.74768e+21	0	6.39e+23	-1.93479e+11	1.28403e+11	0	-12419.2	-20820.6	0	1.42198e+21	-8.5121e+20	0	1.898e+27	5.91401e+11	5.19069e+11	0	-8504.33	9910.09	0	-3.15593e+23	-2.70803e+23	0	5.683e+26	7.23599e+11	-1.22988e+12	0	8296.93	4918.08	0	-1.83766e+22	3.15925e+22	0	8.681e+25	-8.5022e+11	2.73918e+12	0	-6505.77	-2048.33	0	4.21599e+20	-1.34959e+21	0	1.024e+26	2.5899e+12	3.66527e+12	0	-4457.63	3126.01	0	-3.92675e+20	-5.54101e+20	0	7.342e+22	1.47872e+11	3.66363e+10	0	-4986.95	28378.2	0	-2.26785e+20	-9.77513e+19	0	
10	1.9891e+30	7.12995e+08	1.22491e+10	0	7.8113	6.43215	0	2.98327e+23	2.67196e+23	0	3.285e+23	5.88837e+10	7.72763e+09	0	3691.06	47732.6	0	-1.27714e+22	9.94837e+20	0	4.867e+24	3.96538e+10	-8.78165e+10	0	32804.9	12593.8	0	-2.03193e+22	5.22264e+22	0	5.972e+24	-8.1787e+10	1.37126e+11	0	-24855.6	-16405.9	0	1.95543e+22	-2.97219e+22	0	6.39e+23	-1.94115e+11	-1.02723e+11	0	12306.5	-20898.2	0	1.42763e+21	8.42443e+20	0	1.898e+27	4.98461e+11	6.10587e+11	0	-10040.1	8350.63	0	-2.66008e+23	-3.19786e+23	0	5.683e+26	8.0489e+11	-1.17796e+12	0	7954.99	5463	0	-2.04744e+22	3.03192e+22	0	8.681e+25	-9.15029e+11	2.71792e+12	0	-6455.34	-2203.22	0	4.53874e+20	-1.33944e+21	0	1.024e+26	2.54513e+12	3.69626e+12	0	-4495.65	3071.66	0	-3.85998e+20	-5.58925e+20	0	7.342e+22	-8.16981e+10	1.36751e+11	0	-23864.8	-16166.5	0	1.95833e+20	-1.72466e+20	0	
10	1.9891e+30	7.98113e+08	1.23212e+10	0	9.12424	8.07831	0	1.83052e+23	3.63124e+23	0	3.285e+23	-9.29342e+09	7.02747e+10	0	-46823	-7804.48	0	2.15993e+21	-1.24157e+22	0	4.867e+24	-5.00077e+10	1.06402e+11	0	-30959.7	-16888.4	0	2.68514e+22	-4.97284e+22	0	5.972e+24	-7.97455e+10	-1.13824e+11	0	25120.3	-16023.7	0	1.92211e+22	2.99417e+22	0	6.39e+23	8.08276e+09	-2.14338e+11	0	24193.5	717.118	0	-5.29165e+19	1.64871e+21	0	1.898e+27	3.91539e+11	6.85297e+11	0	-11294.2	6556.06	0	-2.08916e+23	-3.5984e+23	0	5.683e+26	8.82579e+11	-1.1207e+12	0	7576.9	5984.26	0	-2.24845e+22	2.89041e+22	0	8.681e+25	-9.79314e+11	2.69512e+12	0	-6401.21	-2356.89	0	4.85913e+20	-1.32855e+21	0	1.024e+26	2.49998e+12	3.72671e+12	0	-4533.02	3016.84	0	-3.79258e+20	-5.63664e+20	0	7.342e+22	-7.9428e+10	-1.1362e+11	0	24538.1	-15164	0	6.23772e+19	2.5766e+20	0	
10	1.9891e+30	8.93639e+08	1.24098e+10	0	10.0478	9.60291	0	2.29529e+23	3.09214e+23	0	3.285e+23	-5.38648e+10	-9.95742e+09	0	17975.9	-43656.2	0	1.15394e+22	4.71139e+21	0	4.867e+24	6.62709e+10	-7.29311e+10	0	27948.1	21236.6	0	-3.39943e+22	4.43823e+22	0	5.972e+24	1.48861e+11	-9.69209e+09	0	4417.4	29485.7	0	-3.5206e+22	5.35407e+21	0	6.39e+23	2.03091e+11	-9.1491e+10	0	11069.4	21461.9	0	-1.45997e+21	7.50379e+20	0	1.898e+27	2.73636e+11	7.41091e+11	0	-12231.1	4576.55	0	-1.45899e+23	-3.89826e+23	0	5.683e+26	9.56312e+11	-1.05836e+12	0	7164.27	6479.41	0	-2.4397e+22	2.73534e+22	0	8.681e+25	-1.04304e+12	2.67079e+12	0	-6343.41	-2509.27	0	5.17692e+20	-1.3169e+21	0	1.024e+26	2.45447e+12	3.7566e+12	0	-4569.72	2961.57	0	-3.72455e+20	-5.68318e+20	0	7.342e+22	1.48553e+11	-9.48315e+09	0	3833.5	28608.3	0	-2.57734e+20	-5.47697e+19	0	
10	1.9891e+30	9.99642e+08	1.25156e+10	0	10.9747	11.7069	0	6.39667e+22	4.50353e+23	0	3.285e+23	3.48131e+10	-3.52498e+10	0	38804.2	27809.8	0	-7.35525e+21	1.03938e+22	0	4.867e+24	-7.41752e+10	8.83886e+10	0	-24990.8	-24931.1	0	3.98604e+22	-4.0234e+22	0	5.972e+24	-3.91979e+10	1.56669e+11	0	-28692.4	-7978.66	0	9.46906e+21	-3.42945e+22	0	6.39e+23	1.90295e+11	1.38335e+11	0	-13382.6	20094.5	0	-1.36748e+21	-9.08691e+20	0	1.898e+27	1.48064e+11	7.76395e+11	0	-12824.2	2467.52	0	-7.87108e+22	-4.08882e+23	0	5.683e+26	1.02575e+12	-9.91208e+11	0	6718.93	6946.14	0	-2.62025e+22	2.56736e+22	0	8.681e+25	-1.10617e+12	2.64494e+12	0	-6281.95	-2660.26	0	5.49185e+20	-1.30451e+21	0	1.024e+26	2.40859e+12	3.78594e+12	0	-4605.76	2905.85	0	-3.65589e+20	-5.72888e+20	0	7.342e+22	-3.92705e+10	1.56295e+11	0	-27684	-8178.46	0	1.56273e+20	-2.23559e+20	0	
10	1.9891e+30	1.10989e+09	1.26428e+10	0	11.09	13.5934	0	6.22603e+22	3.49917e+23	0	3.285e+23	3.86862e+10	5.74635e+10	0	-36415	30891.5	0	-8.19165e+21	-9.76763e+21	0	4.867e+24	8.77248e+10	-5.1204e+10	0	20894.5	28169.1	0	-4.49154e+22	3.31139e+22	0	5.972e+24	-1.14251e+11	-8.27211e+10	0	18990.1	-22947.8	0	2.74729e+22	2.25766e+22	0	6.39e+23	-1.70835e+10	2.38634e+11	0	-24106.6	-1993.03	0	1.32415e+20	-1.64469e+21	0	1.898e+27	1.83556e+10	7.90207e+11	0	-13056.5	288.186	0	-9.22898e+21	-4.16449e+23	0	5.683e+26	1.09059e+12	-9.1954e+11	0	6242.82	7382.22	0	-2.78918e+22	2.38721e+22	0	8.681e+25	-1.16867e+12	2.61759e+12	0	-6216.89	-2809.78	0	5.80366e+20	-1.29137e+21	0	1.024e+26	2.36236e+12	3.81471e+12	0	-4641.12	2849.68	0	-3.5866e+20	-5.77376e+20	0	7.342e+22	-1.13871e+11	-8.26645e+10	0	18824.4	-21941.6	0	1.40488e+20	2.49748e+20	0	
10	1.9891e+30	1.22185e+09	1.27883e+10	0	11.2067	15.588	0	-6.1603e+22	4.09942e+23	0	3.285e+23	-5.15732e+10	3.94203e+10	0	-21404	-42083	0	1.11345e+22	-5.61884e+21	0	4.867e+24	-9.22382e+10	6.43083e+10	0	-16980.4	-30977.6	0	4.968e+22	-2.73893e+22	0	5.972e+24	1.35262e+11	-5.36764e+10	0	13253.7	26713.3	0	-3.18309e+22	1.59189e+22	0	6.39e+23	-2.05304e+11	1.05114e+11	0	-9863.49	-22136.5	0	1.51327e+21	-6.76349e+20	0	1.898e+27	-1.11838e+11	7.82128e+11	0	-12920.9	-1900.15	0	6.05946e+22	-4.12285e+23	0	5.683e+26	1.15052e+12	-8.43673e+11	0	5738.07	7785.6	0	-2.94564e+22	2.19571e+22	0	8.681e+25	-1.2305e+12	2.58875e+12	0	-6148.26	-2957.75	0	6.11209e+20	-1.27748e+21	0	1.024e+26	2.31577e+12	3.84293e+12	0	-4675.81	2793.08	0	-3.5167e+20	-5.81783e+20	0	7.342e+22	1.35081e+11	-5.33482e+10	0	12350.8	26186.7	0	-2.9155e+20	1.10006e+19	0	
10	1.9891e+30	1.33239e+09	1.29536e+10	0	10.9202	17.445	0	-4.89533e+22	3.81708e+23	0	3.285e+23	-1.33954e+10	-4.40434e+10	0	46025.8	-11539.6	0	3.1501e+21	1.2183e+22	0	4.867e+24	1.0234e+11	-2.4344e+10	0	12202.8	32859.4	0	-5.22779e+22	1.93083e+22	0	5.972e+24	7.3149e+09	1.62474e+11	0	-29761.2	1222.91	0	-1.54296e+21	-3.5541e+22	0	6.39e+23	-1.78549e+11	-1.24336e+11	0	14691.2	-19279.6	0	1.31692e+21	1.00516e+21	0	1.898e+27	-2.38846e+11	7.52379e+11	0	-12420.8	-4035.76	0	1.2879e+23	-3.9648e+23	0	5.683e+26	1.20526e+12	-7.63944e+11	0	5206.95	8154.34	0	-3.08884e+22	1.99373e+22	0	8.681e+25	-1.29162e+12	2.55844e+12	0	-6076.09	-3104.07	0	6.4169e+20	-1.26284e+21	0	1.024e+26	2.26884e+12	3.87057e+12	0	-4709.81	2736.06	0	-3.44623e+20	-5.8611e+20	0	7.342e+22	7.08844e+09	1.62174e+11	0	-28927.3	595.729	0	1.08572e+20	-2.7113e+20	0	
10	1.9891e+30	1.43896e+09	1.31386e+10	0	10.1944	19.5247	0	-2.3725e+23	3.50765e+23	0	3.285e+23	5.97822e+10	1.28647e+10	0	233.16	47889	0	-1.2811e+22	6.22907e+19	0	4.867e+24	-1.02721e+11	3.61256e+10	0	-7576.01	-34520.1	0	5.54516e+22	-1.22407e+22	0	5.972e+24	-1.37623e+11	-4.22423e+10	0	11025.9	-27655.8	0	3.30644e+22	1.30401e+22	0	6.39e+23	3.53797e+10	-2.11154e+11	0	23934.9	3575.16	0	-2.46632e+20	1.62999e+21	0	1.898e+27	-3.59083e+11	7.0179e+11	0	-11570	-6058.3	0	1.93422e+23	-3.69455e+23	0	5.683e+26	1.25457e+12	-6.80708e+11	0	4651.85	8486.68	0	-3.21804e+22	1.78219e+22	0	8.681e+25	-1.35201e+12	2.52668e+12	0	-6000.43	-3248.66	0	6.71793e+20	-1.24743e+21	0	1.024e+26	2.22158e+12	3.89765e+12	0	-4743.12	2678.61	0	-3.37519e+20	-5.90357e+20	0	7.342e+22	-1.37251e+11	-4.23432e+10	0	11291.5	-26674.3	0	2.15161e+20	2.14076e+20	0	
10	1.9891e+30	1.53526e+09	1.3341e+10	0	9.19154	20.9018	0	-1.39974e+23	3.00736e+23	0	3.285e+23	-1.26866e+10	7.04523e+10	0	-46118.9	-11123.2	0	3.04012e+21	-1.22168e+22	0	4.867e+24	1.08962e+11	5.533e+09	0	2560.88	34947.9	0	-5.55452e+22	4.0411e+21	0	5.972e+24	1.08695e+11	-9.10699e+10	0	20807.1	21363.6	0	-2.53787e+22	2.49182e+22	0	6.39e+23	2.14541e+11	-6.60999e+10	0	8466.62	22625.7	0	-1.53794e+21	5.73641e+20	0	1.898e+27	-4.69154e+11	6.31781e+11	0	-10392.1	-7910.44	0	2.52651e+23	-3.31951e+23	0	5.683e+26	1.29823e+12	-5.94337e+11	0	4075.29	8781.03	0	-3.33258e+22	1.56209e+22	0	8.681e+25	-1.41162e+12	2.49347e+12	0	-5921.33	-3391.44	0	7.01507e+20	-1.23126e+21	0	1.024e+26	2.17398e+12	3.92414e+12	0	-4775.73	2620.75	0	-3.30362e+20	-5.94525e+20	0	7.342e+22	1.08671e+11	-9.06888e+10	0	19786.3	21273.6	0	-3.00914e+20	1.04161e+20	0	
10	1.9891e+30	1.62256e+09	1.35584e+10	0	8.10025	22.6046	0	-3.25109e+23	2.98733e+23	0	3.285e+23	-5.14025e+10	-1.26272e+10	0	21046.8	-42259.5	0	1.11811e+22	5.51949e+21	0	4.867e+24	-1.0477e+11	6.1504e+09	0	2450.37	-35261.1	0	5.66665e+22	3.94283e+21	0	5.972e+24	5.31926e+10	1.5402e+11	0	-27957.7	10307.3	0	-1.23955e+22	-3.33297e+22	0	6.39e+23	1.74767e+11	1.60743e+11	0	-15660.5	18391.4	0	-1.25167e+21	-1.06382e+21	0	1.898e+27	-5.65945e+11	5.44325e+11	0	-8920.19	-9539.61	0	3.04781e+23	-2.85013e+23	0	5.683e+26	1.33602e+12	-5.05218e+11	0	3479.92	9035.98	0	-3.43186e+22	1.33447e+22	0	8.681e+25	-1.47042e+12	2.45885e+12	0	-5838.83	-3532.3	0	7.30826e+20	-1.21434e+21	0	1.024e+26	2.12607e+12	3.95006e+12	0	-4807.64	2562.49	0	-3.23154e+20	-5.98613e+20	0	7.342e+22	5.28553e+10	1.53859e+11	0	-27487.6	9372.87	0	3.90385e+19	-3.2015e+20	0	
10	1.9891e+30	1.69572e+09	1.37907e+10	0	6.56	23.7968	0	-2.87079e+23	2.21661e+23	0	3.285e+23	3.88633e+10	-3.13834e+10	0	36709.5	30558.4	0	-8.09494e+21	9.84199e+21	0	4.867e+24	1.07061e+11	3.60984e+10	0	-7282.61	34280.2	0	-5.44951e+22	-1.15334e+22	0	5.972e+24	-1.47653e+11	3.73546e+09	0	1998.44	-29694.8	0	3.54566e+22	2.24578e+21	0	6.39e+23	-4.3057e+10	2.35985e+11	0	-23711.2	-4820.02	0	3.25817e+20	-1.61867e+21	0	1.898e+27	-6.46715e+11	4.41887e+11	0	-7195.63	-10899.5	0	3.48315e+23	-2.29963e+23	0	5.683e+26	1.36777e+12	-4.13753e+11	0	2868.45	9250.29	0	-3.51537e+22	1.1004e+22	0	8.681e+25	-1.52838e+12	2.42283e+12	0	-5752.97	-3671.18	0	7.59745e+20	-1.19667e+21	0	1.024e+26	2.07783e+12	3.97539e+12	0	-4838.84	2503.84	0	-3.15896e+20	-6.02619e+20	0	7.342e+22	-1.47363e+11	3.49025e+09	0	2664.53	-28910.3	0	2.80832e+20	1.60879e+20	0	
10	1.9891e+30	1.75289e+09	1.40343e+10	0	4.78133	24.7988	0	-3.77231e+23	1.20864e+23	0	3.285e+23	3.59971e+10	6.14779e+10	0	-38538.1	28184.5	0	-7.45675e+21	-1.03273e+22	0	4.867e+24	-9.82326e+10	-2.31692e+10	0	12275.9	-33134.9	0	5.32062e+22	1.97943e+22	0	5.972e+24	7.16838e+10	-1.18244e+11	0	26347.6	13950.4	0	-1.64831e+22	3.14918e+22	0	6.39e+23	-2.14236e+11	8.11778e+10	0	-7178.72	-23145.8	0	1.58315e+21	-4.92145e+20	0	1.898e+27	-7.09176e+11	3.27363e+11	0	-5267.16	-11951.3	0	3.82001e+23	-1.68357e+23	0	5.683e+26	1.39334e+12	-3.20351e+11	0	2243.71	9422.93	0	-3.58267e+22	8.61012e+21	0	8.681e+25	-1.58547e+12	2.38544e+12	0	-5663.81	-3807.97	0	7.88255e+20	-1.17828e+21	0	1.024e+26	2.02929e+12	4.00014e+12	0	-4869.33	2444.8	0	-3.08591e+20	-6.06543e+20	0	7.342e+22	7.18155e+10	-1.17881e+11	0	25393.2	14286.7	0	-2.71914e+20	2.01528e+20	0	
10	1.9891e+30	1.79225e+09	1.42845e+10	0	3.18848	25.2914	0	-3.10441e+23	1.55678e+23	0	3.285e+23	-5.27696e+10	3.71131e+10	0	-18350.4	-43483.8	0	1.14995e+22	-4.81355e+21	0	4.867e+24	9.67725e+10	6.4947e+10	0	-16560	30904.4	0	-4.91983e+22	-2.62373e+22	0	5.972e+24	9.39847e+10	1.32124e+11	0	-23455.5	18399.3	0	-2.20282e+22	-2.789e+22	0	6.39e+23	-1.60567e+11	-1.43422e+11	0	16858.8	-17395.2	0	1.1876e+21	1.15374e+21	0	1.898e+27	-7.51559e+11	2.03989e+11	0	-3189.36	-12665.1	0	4.04864e+23	-1.01949e+23	0	5.683e+26	1.41261e+12	-2.25436e+11	0	1608.59	9553.06	0	-3.63341e+22	6.17453e+21	0	8.681e+25	-1.64165e+12	2.34668e+12	0	-5571.38	-3942.61	0	8.16345e+20	-1.15919e+21	0	1.024e+26	1.98045e+12	4.02429e+12	0	-4899.11	2385.38	0	-3.01238e+20	-6.10382e+20	0	7.342e+22	9.36057e+10	1.32129e+11	0	-23439.8	17368.8	0	-6.47442e+19	-3.47314e+20	0	
10	1.9891e+30	1.81473e+09	1.4541e+10	0	1.14614	25.8896	0	-4.62098e+23	-8.59347e+21	0	3.285e+23	-8.79112e+09	-4.3335e+10	0	46749.2	-8207.64	0	2.27235e+21	1.23894e+22	0	4.867e+24	-8.3656e+10	-4.94313e+10	0	21088.1	-28323.5	0	4.53843e+22	3.39654e+22	0	5.972e+24	-1.43413e+11	5.07786e+10	0	-7221.44	-28870.9	0	3.44121e+22	-8.7596e+21	0	6.39e+23	6.19747e+10	-2.04281e+11	0	23329	6375.67	0	-4.36683e+20	1.58821e+21	0	1.898e+27	-7.72661e+11	7.52571e+10	0	-1021.12	-13020.4	0	4.16246e+23	-3.26317e+22	0	5.683e+26	1.42549e+12	-1.29434e+11	0	966.008	9640.05	0	-3.66732e+22	3.70899e+21	0	8.681e+25	-1.69689e+12	2.30659e+12	0	-5475.75	-4075.01	0	8.44e+20	-1.13942e+21	0	1.024e+26	1.93131e+12	4.04784e+12	0	-4928.17	2325.59	0	-2.93839e+20	-6.14136e+20	0	7.342e+22	-1.43266e+11	5.04327e+10	0	-6267.33	-28456.8	0	3.42906e+20	8.6356e+19	0	
10	1.9891e+30	1.81609e+09	1.47987e+10	0	-0.753865	25.6245	0	-3.18929e+23	-3.29705e+22	0	3.285e+23	6.00254e+10	1.87729e+10	0	-3239.05	47785.2	0	-1.27812e+22	-8.70495e+20	0	4.867e+24	7.89007e+10	8.98043e+10	0	-24544.1	25077.9	0	-4.00338e+22	-3.89485e+22	0	5.972e+24	2.77847e+10	-1.32572e+11	0	29340	5193.72	0	-6.00648e+21	3.50107e+22	0	6.39e+23	2.22683e+11	-3.91267e+10	0	5737.27	23467	0	-1.59434e+21	3.8928e+20	0	1.898e+27	-7.71885e+11	-5.51901e+10	0	1176.03	-13007.3	0	4.15816e+23	3.76139e+22	0	5.683e+26	1.43192e+12	-3.27799e+10	0	318.956	9683.48	0	-3.68423e+22	1.22547e+21	0	8.681e+25	-1.75115e+12	2.26519e+12	0	-5376.95	-4205.09	0	8.71201e+20	-1.11899e+21	0	1.024e+26	1.88189e+12	4.0708e+12	0	-4956.5	2265.43	0	-2.86396e+20	-6.17803e+20	0	7.342e+22	2.80508e+10	-1.32295e+11	0	28609.7	5900.36	0	-2.13898e+20	2.86902e+20	0	
10	1.9891e+30	1.79947e+09	1.5054e+10	0	-2.61088	25.336	0	-3.74347e+23	-1.1584e+23	0	3.285e+23	-1.64809e+10	7.10287e+10	0	-45191.3	-14388.8	0	3.90255e+21	-1.19564e+22	0	4.867e+24	-6.22223e+10	-7.05135e+10	0	28175	-21232.2	0	3.3894e+22	4.52958e+22	0	5.972e+24	1.25713e+11	9.88886e+10	0	-16688.6	24713.8	0	-2.95168e+22	-1.97638e+22	0	6.39e+23	1.56392e+11	1.8152e+11	0	-17731.5	16426.7	0	-1.1186e+21	-1.20445e+21	0	1.898e+27	-7.49252e+11	-1.8366e+11	0	3339.76	-12626	0	4.0359e+23	1.06781e+23	0	5.683e+26	1.43186e+12	6.40897e+10	0	-329.567	9683.14	0	-3.68404e+22	-1.26399e+21	0	8.681e+25	-1.80442e+12	2.2225e+12	0	-5275.05	-4332.79	0	8.97931e+20	-1.09792e+21	0	1.024e+26	1.83218e+12	4.09315e+12	0	-4984.1	2204.92	0	-2.78908e+20	-6.21382e+20	0	7.342e+22	1.25364e+11	9.90512e+10	0	-17099	23788.1	0	-1.82484e+20	-3.28694e+20	0	
10	1.9891e+30	1.7649e+09	1.53041e+10	0	-4.27226	24.7222	0	-3.57949e+23	-1.04593e+23	0	3.285e+23	-4.92586e+10	-1.45674e+10	0	24002.8	-40658.4	0	1.07667e+22	6.30103e+21	0	4.867e+24	5.48497e+10	1.08708e+11	0	-30602.5	17243	0	-2.76628e+22	-4.86652e+22	0	5.972e+24	-1.2534e+11	9.4341e+10	0	-15745.1	-25260.8	0	3.0035e+22	-1.88944e+22	0	6.39e+23	-6.89408e+10	2.30575e+11	0	-22990.8	-7589.22	0	5.15477e+20	-1.56987e+21	0	1.898e+27	-7.05405e+11	-3.06518e+11	0	5408.71	-11887.5	0	3.79923e+23	1.72894e+23	0	5.683e+26	1.42533e+12	1.60737e+11	0	-976.552	9639.03	0	-3.66675e+22	-3.74728e+21	0	8.681e+25	-1.85664e+12	2.17854e+12	0	-5170.1	-4458.02	0	9.24168e+20	-1.07621e+21	0	1.024e+26	1.78221e+12	4.1149e+12	0	-5010.97	2144.07	0	-2.71376e+20	-6.24871e+20	0	7.342e+22	-1.25369e+11	9.39649e+10	0	-14712.1	-25313.3	0	3.86407e+20	-2.43737e+19	0	
10	1.9891e+30	1.71247e+09	1.55473e+10	0	-6.22059	23.7316	0	-3.27335e+23	-3.23482e+23	0	3.285e+23	4.20404e+10	-2.67983e+10	0	34412.1	33138.6	0	-8.79365e+21	9.23652e+21	0	4.867e+24	-3.56825e+10	-8.47032e+10	0	32966.9	-12450.7	0	1.97265e+22	5.28742e+22	0	5.972e+24	-1.87997e+10	-1.32695e+11	0	29500.7	-4062.98	0	5.04268e+21	3.5135e+22	0	6.39e+23	-2.20707e+11	5.65807e+10	0	-4394.88	-23835	0	1.63065e+21	-3.01043e+20	0	1.898e+27	-6.41589e+11	-4.20288e+11	0	7324.25	-10812.8	0	3.455e+23	2.3407e+23	0	5.683e+26	1.41235e+12	2.56725e+11	0	-1619	9551.37	0	-3.63247e+22	-6.21235e+21	0	8.681e+25	-1.90781e+12	2.13335e+12	0	-5062.16	-4580.71	0	9.49893e+20	-1.05389e+21	0	1.024e+26	1.73197e+12	4.13603e+12	0	-5037.11	2082.88	0	-2.63801e+20	-6.28268e+20	0	7.342e+22	-1.84445e+10	-1.32563e+11	0	29144.1	-3097.04	0	-1.32259e+20	3.61335e+20	0	
10	1.9891e+30	1.64389e+09	1.57771e+10	0	-7.38816	22.3096	0	-2.13126e+23	-2.04123e+23	0	3.285e+23	3.23786e+10	6.55949e+10	0	-40462.6	25320.5	0	-6.68435e+21	-1.08307e+22	0	4.867e+24	2.65239e+10	1.20151e+11	0	-34242.8	8009.82	0	-1.30168e+22	-5.45902e+22	0	5.972e+24	1.45305e+11	5.75127e+10	0	-8309.54	28641.4	0	-3.41488e+22	-9.73582e+21	0	6.39e+23	-1.40902e+11	-1.60096e+11	0	18788.5	-15279.2	0	1.04203e+21	1.28567e+21	0	1.898e+27	-5.59613e+11	-5.21754e+11	0	9032.22	-9432.69	0	3.01317e+23	2.88573e+23	0	5.683e+26	1.39297e+12	3.51621e+11	0	-2253.93	9420.58	0	-3.58135e+22	-8.64726e+21	0	8.681e+25	-1.95788e+12	2.08694e+12	0	-4951.28	-4700.8	0	9.75089e+20	-1.03096e+21	0	1.024e+26	1.68147e+12	4.15655e+12	0	-5062.5	2021.36	0	-2.56183e+20	-6.31574e+20	0	7.342e+22	1.45047e+11	5.7801e+10	0	-9061.59	27970.3	0	-2.88604e+20	-2.68638e+20	0	
10	1.9891e+30	1.56339e+09	1.59941e+10	0	-8.7303	20.9719	0	-2.52681e+23	-3.48514e+23	0	3.285e+23	-5.44896e+10	3.49022e+10	0	-15209.3	-44677.9	0	1.18073e+22	-3.98506e+21	0	4.867e+24	-6.19186e+09	-9.08666e+10	0	35092.2	-2702.52	0	4.07693e+21	5.61354e+22	0	5.972e+24	-9.5171e+10	1.30199e+11	0	-22748	-19215.2	0	2.27747e+22	-2.71812e+22	0	6.39e+23	8.71479e+10	-1.94277e+11	0	22399.5	9074.66	0	-6.20598e+20	1.52441e+21	0	1.898e+27	-4.61798e+11	-6.08053e+11	0	10484.4	-7786.43	0	2.48646e+23	3.34862e+23	0	5.683e+26	1.3673e+12	4.44995e+11	0	-2878.4	9247.29	0	-3.51368e+22	-1.10402e+22	0	8.681e+25	-2.00682e+12	2.03934e+12	0	-4837.53	-4818.21	0	9.99736e+20	-1.00744e+21	0	1.024e+26	1.63072e+12	4.17646e+12	0	-5087.14	1959.53	0	-2.48524e+20	-6.34787e+20	0	7.342e+22	-9.53609e+10	1.29867e+11	0	-21853	-19698	0	3.81341e+20	-1.5897e+20	0	
duration	1382612357 microseconds
